A,mac,meanmac,meanwhak,whak,lat,Area Range,Latitude Range,whakfrac,macfrac
0.00167,0.00311,0.00366,2.99e-06,2.54e-06,87.2,0,4,6.91e-07,0.000808
0.00626,0.0155,0.00486,7.96e-06,2.54e-05,65.6,0,4,6.91e-06,0.00403
0.0982,2.69,0.0537,0.0675,3.38,18.8,2,1,0.919,0.699
0.00167,0.00326,0.00383,3.67e-06,3.12e-06,87.2,0,4,8.49e-07,0.000848
0.00178,0.0144,0.0159,0.00218,0.00198,28.4,0,1,0.000538,0.00375
0.00806,0.0901,0.0219,0.00089,0.00366,35.8,0,2,0.000995,0.0234
0.035,0.588,0.033,0.00233,0.0416,55,1,3,0.0113,0.153
0.000216,0.000864,0.00783,4.31e-05,4.76e-06,50.1,0,3,1.3e-06,0.000224
0.000199,0.000442,0.00435,1.6e-05,1.62e-06,53.8,0,3,4.41e-07,0.000115
0.00422,0.0106,0.00495,0.00105,0.00225,26.4,0,1,0.000613,0.00276
0.00165,0.0941,0.112,0.13,0.11,11.5,0,0,0.0298,0.0244
0.00163,0.000587,0.000705,0.000379,0.000316,14.5,0,0,8.59e-05,0.000152
0.00187,0.0414,0.0434,0.0195,0.0186,22.2,0,1,0.00507,0.0108
0.0339,0.21,0.0122,0.00446,0.077,29.4,1,1,0.021,0.0547
0.00331,0.00972,0.00575,0.00169,0.00286,26.4,0,1,0.000777,0.00252
0.00744,0.0655,0.0173,0.00941,0.0357,21.7,0,1,0.00972,0.017
0.00268,0.0126,0.00919,0.00165,0.00226,27.8,0,1,0.000614,0.00326
0.0257,0.0451,0.00344,3.66e-06,4.78e-05,72.8,1,4,1.52e-05,0.0118
0.027,0.342,0.0249,0.00164,0.0225,37.2,1,2,0.00718,0.0894
0.00167,0.00371,0.00437,4.89e-06,4.16e-06,87.2,0,4,1.33e-06,0.000971
0.0971,1.9,0.0383,0.0249,1.23,17,2,1,0.393,0.496
0.000398,0.000925,0.00455,2.25e-05,4.57e-06,53.8,0,3,1.46e-06,0.000242
0.00101,0.0852,0.165,0.682,0.352,0.619,0,0,0.112,0.0223
0.00234,0.12,0.101,0.221,0.263,7.68,0,0,0.0838,0.0315
0.00545,0.17,0.0612,0.00482,0.0134,49.5,0,3,0.00426,0.0444
0.00233,0.0565,0.0477,0.0541,0.0641,9.79,0,0,0.0204,0.0148
0.00788,0.103,0.0255,0.00135,0.00543,39.2,0,2,0.00173,0.0268
0.00235,0.176,0.147,0.547,0.654,5.55,0,0,0.208,0.046
0.0349,0.707,0.0397,0.00294,0.0524,39.9,1,2,0.0167,0.185
0.00101,0.0877,0.17,0.916,0.472,3.09,0,0,0.15,0.0229
0.00481,0.0225,0.00919,0.00145,0.00356,26.5,0,1,0.00113,0.00589
0.000975,0.00688,0.0138,0.00693,0.00344,15.4,0,1,0.0011,0.0018
0.00167,0.00245,0.00288,1.84e-06,1.56e-06,87.2,0,4,2.05e-07,0.000461
0.0487,1.54,0.0619,0.0922,2.29,5.18,2,0,0.3,0.29
0.0117,0.0521,0.00874,3.36e-05,0.0002,74,0,4,2.62e-05,0.00981
0.0196,0.257,0.0257,0.00122,0.0123,47.3,1,3,0.0016,0.0485
0.000216,0.00835,0.0756,0.00276,0.000304,50.1,0,3,3.98e-05,0.00157
0.00125,0.00237,0.00372,0.00113,0.000722,22.2,0,1,9.45e-05,0.000446
0.0053,0.038,0.0141,0.0068,0.0184,21.5,0,1,0.0024,0.00716
0.00287,0.0098,0.0067,3.29e-05,4.81e-05,52.2,0,3,6.29e-06,0.00185
0.00602,0.208,0.0679,0.164,0.503,5.94,0,0,0.0658,0.0393
0.00458,0.0957,0.041,0.000731,0.00171,59.2,0,3,0.000224,0.018
0.0147,0.144,0.0191,0.0174,0.131,23.6,1,1,0.0171,0.027
0.000524,0.0246,0.0919,0.00581,0.00155,39,0,2,0.000203,0.00463
0.0563,1.48,0.0518,0.0657,1.88,8.45,2,0,0.247,0.28
0.0426,1.4,0.0644,0.129,2.8,19.6,1,1,0.366,0.264
0.0102,0.0336,0.00649,3.2e-05,0.000166,55.3,0,3,2.17e-05,0.00634
0.000262,0.0101,0.0756,0.00535,0.000715,39,0,2,9.35e-05,0.0019
0.113,1.32,0.023,0.0264,1.52,42.7,3,2,0.268,0.308
0.0106,0.353,0.0652,0.117,0.635,19.4,0,1,0.112,0.0823
0.00167,0.00383,0.0045,5.19e-06,4.41e-06,87.2,0,4,7.76e-07,0.000892
0.0147,0.126,0.0168,0.0101,0.0754,25,1,1,0.0133,0.0293
0.00128,0.0131,0.0201,0.00742,0.00484,18.5,0,1,0.00085,0.00305
0.00305,0.0371,0.0238,0.000149,0.000232,64.1,0,3,4.07e-05,0.00866
0.000616,0.00375,0.0119,0.0034,0.00107,24.1,0,1,0.000187,0.000874
0.00341,0.0069,0.00397,4.51e-06,7.84e-06,67.4,0,4,1.38e-06,0.00161
0.000333,0.00919,0.0541,0.0359,0.0061,9.28,0,0,0.00107,0.00214
0.0037,0.292,0.154,0.418,0.789,0.169,0,0,0.139,0.068
0.0101,0.254,0.0493,0.0537,0.276,21.8,0,1,0.0486,0.0592
0.00201,0.0319,0.0311,0.00408,0.00418,31.5,0,2,0.000736,0.00743
0.06,1.84,0.06,0.0776,2.38,19,2,1,0.418,0.428
0.0301,0.0488,0.00318,4.11e-06,6.31e-05,70.1,1,4,9.36e-06,0.00986
0.0429,1.34,0.0611,0.0972,2.13,4.46,1,0,0.316,0.27
0.0829,1.73,0.041,0.012,0.509,51.5,2,3,0.0756,0.351
0.0114,0.132,0.0227,0.0252,0.147,22.1,0,1,0.0218,0.0268
0.00727,0.0534,0.0144,0.000293,0.00109,47,0,3,0.000161,0.0108
0.00123,0.00238,0.0038,0.00074,0.000464,24.1,0,1,6.89e-05,0.000482
0.000632,0.00142,0.0044,0.00125,0.000404,20.4,0,1,6e-05,0.000287
0.000308,0.00136,0.00869,0.00167,0.000261,24.1,0,1,3.88e-05,0.000276
0.0204,1.45,0.139,0.378,3.94,3.32,1,0,0.585,0.293
0.00076,0.00183,0.00472,1.24e-05,4.79e-06,55.6,0,3,7.12e-07,0.00037
0.000262,0.015,0.112,0.0132,0.00176,39,0,2,0.000261,0.00303
0.00786,0.0182,0.00453,0.000752,0.00301,25.8,0,1,0.000448,0.00368
0.00351,0.148,0.0828,0.00484,0.00866,45.5,0,3,0.00129,0.03
0.000233,0.000672,0.00566,3.95e-05,4.69e-06,46.4,0,3,6.97e-07,0.000136
0.00334,0.00597,0.0035,2.63e-06,4.48e-06,84.3,0,4,7.49e-07,0.0012
0.0986,1.65,0.0328,0.00684,0.344,50.9,2,3,0.0575,0.333
0.0138,0.314,0.0446,0.00272,0.0192,35.5,1,2,0.00321,0.0634
0.0037,0.303,0.161,0.531,1,0.169,0,0,0.168,0.0612
0.0549,1.39,0.0497,0.0742,2.08,21.8,2,1,0.347,0.28
0.0257,0.564,0.0431,0.0634,0.829,26.2,1,1,0.139,0.114
0.00302,0.00616,0.004,1.14e-05,1.75e-05,53,0,3,2.92e-06,0.00124
0.000329,0.00564,0.0336,0.0181,0.00303,13,0,0,0.000507,0.00114
0.000248,0.0016,0.0126,0.000119,1.5e-05,42.7,0,2,2.51e-06,0.000322
0.00336,0.178,0.104,0.219,0.375,3.7,0,0,0.0627,0.036
0.00296,0.127,0.0842,0.00437,0.0066,42.9,0,2,0.0011,0.0256
0.00267,0.0246,0.0181,0.00342,0.00466,28.2,0,1,0.00078,0.00497
0.00471,0.385,0.16,0.549,1.32,2.38,0,0,0.221,0.0777
0.121,2.07,0.0336,0.0481,2.97,35,3,2,0.532,0.492
0.00341,0.0235,0.0136,6.23e-05,0.000108,66.5,0,4,1.94e-05,0.00559
0.00167,0.00327,0.00385,4.11e-06,3.49e-06,87.2,0,4,6.25e-07,0.000777
0.00688,0.0643,0.0183,0.000621,0.00218,49.2,0,3,0.00039,0.0153
0.00335,0.186,0.109,0.216,0.368,5.17,0,0,0.0659,0.0441
0.000233,0.00927,0.0781,0.00308,0.000365,46.4,0,3,6.53e-05,0.0022
0.0348,1.03,0.0578,0.0965,1.71,13.7,1,0,0.306,0.243
0.000713,0.0334,0.0918,0.00575,0.00209,45.1,0,3,0.000374,0.00793
0.00552,0.0137,0.00487,1.31e-05,3.69e-05,53.5,0,3,6.6e-06,0.00325
0.000262,0.0139,0.104,0.0123,0.00164,39,0,2,0.000294,0.0033
0.0156,0.19,0.0239,0.027,0.215,23.6,1,1,0.0385,0.045
0.00462,0.072,0.0306,0.0399,0.0939,11.3,0,0,0.0168,0.0171
0.00216,0.00525,0.00476,7.6e-06,8.39e-06,71.7,0,4,1.5e-06,0.00125
0.0121,0.223,0.036,0.00534,0.033,32.1,0,2,0.00591,0.0528
0.000329,0.000165,0.000982,0.000491,8.23e-05,13,0,0,1.47e-05,3.91e-05
0.00266,0.107,0.0789,0.13,0.176,9.72,0,0,0.0315,0.0254
0.00508,0.172,0.0663,0.00467,0.0121,37.1,0,2,0.00216,0.0407
0.0072,0.011,0.003,2.08e-06,7.64e-06,78.6,0,4,1.26e-06,0.00221
0.075,1.75,0.0458,0.0595,2.28,12.5,2,0,0.376,0.351
0.00167,0.00247,0.0029,2.27e-06,1.93e-06,87.2,0,4,3.19e-07,0.000493
0.0238,0.983,0.0811,0.0991,1.2,5.01,1,0,0.198,0.197
0.00569,0.0131,0.00451,7.1e-06,2.06e-05,71.1,0,4,3.4e-06,0.00262
0.00211,0.00926,0.00862,0.000995,0.00107,26.7,0,1,0.000176,0.00185
0.000325,0.000617,0.00373,7.46e-06,1.23e-06,61.2,0,3,2.04e-07,0.000123
0.000329,0.00904,0.0539,0.0281,0.00471,13,0,0,0.000778,0.00181
0.00498,0.097,0.0382,0.00327,0.00831,34.3,0,2,0.00137,0.0194
0.0116,0.142,0.024,0.000982,0.00581,44.6,0,2,0.000959,0.0283
0.00217,0.00356,0.00322,0.000761,0.000841,22.9,0,1,0.000139,0.000712
0.000329,0.000562,0.00335,0.00119,0.0002,13,0,0,3.3e-05,0.000112
0.00226,0.068,0.0589,0.00817,0.00943,32.9,0,2,0.00156,0.0136
0.0566,1.74,0.0601,0.0881,2.54,16.7,2,1,0.42,0.347
0.015,0.061,0.00798,7.86e-05,0.0006,65.8,1,4,9.91e-05,0.0122
0.0119,0.112,0.0186,0.000642,0.00388,50.3,0,3,0.000641,0.0225
0.0873,1.34,0.0301,0.0398,1.77,40.4,2,2,0.323,0.297
0.00167,0.00342,0.00403,4.24e-06,3.6e-06,87.2,0,4,6.56e-07,0.000757
0.00132,0.00501,0.00745,0.00466,0.00314,12.1,0,0,0.000571,0.00111
0.000575,0.0191,0.065,0.00892,0.00261,31.5,0,2,0.000476,0.00421
0.00114,0.0263,0.0453,0.00517,0.003,32.4,0,2,0.000546,0.00581
0.0107,0.243,0.0445,0.126,0.691,14.1,0,0,0.126,0.0538
0.000245,0.000945,0.00754,1.89e-05,2.37e-06,68.7,0,4,4.32e-07,0.000209
0.000481,0.0223,0.091,0.00559,0.00137,44.5,0,2,0.000249,0.00493
0.00161,0.00652,0.00796,0.00396,0.00325,17.4,0,1,0.000591,0.00144
0.0307,0.748,0.0477,0.0749,1.18,4.49,1,0,0.214,0.165
0.0815,2.02,0.0487,0.0432,1.8,25.6,2,1,0.327,0.447
0.00165,0.0509,0.0604,0.045,0.0379,11.5,0,0,0.00691,0.0113
0.000316,0.000825,0.00512,0.00194,0.000313,20.4,0,1,5.7e-05,0.000182
0.00467,0.0208,0.00873,5.54e-05,0.000132,50.7,0,3,2.4e-05,0.00459
0.00161,0.00976,0.0119,0.00547,0.0045,16.7,0,1,0.000819,0.00216
0.0873,1.14,0.0256,0.0193,0.859,48.4,2,3,0.204,0.271
0.0688,1.23,0.035,0.00143,0.0503,50,2,3,0.0119,0.292
0.00167,0.00322,0.00378,3.65e-06,3.1e-06,87.2,0,4,7.38e-07,0.000766
0.0024,0.0122,0.00997,0.00186,0.00228,26.8,0,1,0.000541,0.0029
0.00153,0.00598,0.00768,0.00186,0.00145,24.8,0,1,0.000345,0.00142
0.0516,1.24,0.0472,0.0802,2.11,20.2,2,1,0.502,0.296
0.00305,0.0188,0.0121,0.00343,0.00534,25.1,0,1,0.00127,0.00448
0.000162,0.00197,0.0238,0.000135,1.11e-05,61.2,0,3,2.65e-06,0.000468
0.00798,0.295,0.0724,0.174,0.706,8.92,0,0,0.168,0.0701
0.00744,0.255,0.0671,0.124,0.47,14.9,0,0,0.112,0.0606
0.112,2.04,0.0356,0.0285,1.63,24.2,3,1,0.325,0.465
0.037,0.494,0.0261,0.00117,0.0221,61.4,1,3,0.0044,0.112
0.000329,0.0034,0.0203,0.0113,0.0019,13,0,0,0.000378,0.000775
0.00163,0.0436,0.0526,0.00102,0.000844,52.8,0,3,0.000168,0.00994
0.036,0.755,0.0411,0.0583,1.07,28.5,1,1,0.213,0.172
0.000262,0.0142,0.106,0.0106,0.00142,39,0,2,0.000282,0.00324
0.00146,0.0198,0.0267,0.00342,0.00254,30,0,2,0.000506,0.00452
0.00854,0.0325,0.00746,0.00224,0.00974,24.6,0,1,0.00194,0.0074
0.00818,0.254,0.0607,0.129,0.54,12.9,0,0,0.108,0.0577
0.00556,0.271,0.0957,0.00829,0.0235,41,0,2,0.00468,0.0618
0.000308,0.000459,0.00292,0.00058,9.1e-05,24.1,0,1,1.81e-05,0.000105
0.00639,0.44,0.135,0.523,1.7,2.04,0,0,0.339,0.1
0.00324,0.0228,0.0138,0.00731,0.0121,15.9,0,1,0.0024,0.00519
0.00167,0.00279,0.00328,2.34e-06,1.99e-06,87.2,0,4,5.37e-07,0.00065
0.0219,0.883,0.079,0.112,1.26,8.97,1,0,0.339,0.206
0.0501,0.747,0.0292,0.002,0.0511,58.6,2,3,0.0138,0.174
0.000325,0.00371,0.0224,0.000135,2.24e-05,61.2,0,3,6.04e-06,0.000866
0.000181,0.00315,0.0342,0.000323,2.98e-05,57.5,0,3,8.04e-06,0.000736
0.0229,0.204,0.0175,0.00151,0.0176,43.2,1,2,0.00475,0.0475
0.00746,0.282,0.074,0.00305,0.0116,49.1,0,3,0.00313,0.0657
0.0121,0.451,0.0733,0.127,0.783,13.5,0,0,0.211,0.105
0.00937,0.481,0.101,0.157,0.751,1.84,0,0,0.202,0.112
0.00363,0.0104,0.0056,1.55e-05,2.87e-05,58.7,0,3,7.75e-06,0.00242
0.00937,0.204,0.0427,0.0423,0.202,27.1,0,1,0.0545,0.0476
0.000323,0.00168,0.0102,0.00527,0.000868,16.7,0,1,0.000234,0.000393
0.00212,0.0928,0.0858,0.00525,0.00568,45.4,0,3,0.00153,0.0217
0.0711,0.918,0.0253,0.0173,0.626,3.88,2,0,0.169,0.214
0.000323,0.00303,0.0184,0.00897,0.00148,16.7,0,1,0.000399,0.000706
0.00872,0.016,0.00361,2.97e-06,1.32e-05,78.8,0,4,1.69e-06,0.0028
0.0468,1.54,0.0648,0.117,2.79,14.4,1,0,0.357,0.27
0.125,2.76,0.0433,0.0455,2.89,24.9,3,1,0.371,0.482
0.000162,0.0023,0.0278,0.000192,1.59e-05,61.2,0,3,2.04e-06,0.000403
0.000714,0.00748,0.0205,9.59e-05,3.49e-05,64.9,0,3,4.48e-06,0.00131
0.00323,0.0101,0.00614,2.96e-05,4.87e-05,50.2,0,3,6.24e-06,0.00176
0.0247,0.888,0.0704,0.106,1.34,13.6,1,0,0.172,0.155
0.00224,0.102,0.0889,0.00625,0.00715,42.1,0,2,0.000917,0.0178
0.000287,0.00109,0.00742,0.00101,0.000148,31.5,0,2,1.9e-05,0.00019
0.00307,0.0459,0.0294,0.00986,0.0154,24.4,0,1,0.00198,0.00802
0.00236,0.199,0.165,0.624,0.75,1.85,0,0,0.0961,0.0347
0.00105,0.0497,0.0928,0.00702,0.00376,39,0,2,0.000481,0.00868
0.00293,0.0821,0.055,0.00276,0.00412,37.4,0,2,0.000529,0.0144
0.000713,0.0184,0.0506,0.00165,0.000601,45.1,0,3,7.71e-05,0.00322
0.00167,0.00311,0.00366,2.88e-06,2.45e-06,87.2,0,4,4.35e-07,0.000689
0.186,3.33,0.035,0.0339,3.23,10,4,0,0.573,0.737
0.00949,0.0216,0.00447,5.34e-06,2.58e-05,78.2,0,4,4.59e-06,0.00478
0.0104,0.794,0.15,0.449,2.38,1.71,0,0,0.423,0.176
0.00188,0.0633,0.0661,0.00205,0.00196,51.6,0,3,0.000348,0.014
0.000316,0.00112,0.00695,0.00247,0.000398,20.4,0,1,7.06e-05,0.000248
0.00237,0.0134,0.0111,0.002,0.00241,28.1,0,1,0.000429,0.00297
0.000308,0.0026,0.0166,0.00435,0.000683,24.1,0,1,0.000121,0.000575
0.000946,0.04,0.0829,0.00406,0.00196,45.4,0,3,0.000348,0.00885
0.00161,0.0523,0.0638,0.00197,0.00162,53.1,0,3,0.000287,0.0116
0.00725,0.161,0.0436,0.00203,0.0075,43,0,2,0.00133,0.0357
0.00203,0.0211,0.0204,0.00311,0.00322,30.3,0,2,0.000573,0.00468
0.000861,0.0142,0.0324,0.00275,0.00121,31.4,0,2,0.000214,0.00315
0.0083,0.0126,0.00298,2.15e-06,9.11e-06,77,0,4,1.06e-06,0.00233
0.00879,0.0413,0.00921,0.000211,0.000945,54,0,3,0.000109,0.00763
0.0728,1.72,0.0462,0.0672,2.49,24.1,2,1,0.289,0.317
0.00167,0.00369,0.00434,5.16e-06,4.39e-06,87.2,0,4,5.09e-07,0.000682
0.00135,0.0043,0.00626,4.18e-05,2.87e-05,48.2,0,3,3.33e-06,0.000794
0.0238,0.498,0.0411,0.0584,0.707,20,1,1,0.082,0.0919
0.0294,1.36,0.0903,0.225,3.38,16.9,1,1,0.392,0.25
0.0222,0.319,0.0282,0.00129,0.0146,47.5,1,3,0.0017,0.0588
0.0142,0.285,0.0394,0.0294,0.213,21.9,1,1,0.0247,0.0526
0.0383,1.11,0.0569,0.0928,1.81,28.4,1,1,0.21,0.205
0.00146,0.0699,0.0941,0.00671,0.00499,43.8,0,2,0.000578,0.0129
0.0763,0.454,0.0117,0.0122,0.476,53,2,3,0.151,0.141
0.00191,0.0282,0.0289,0.0117,0.0114,19.2,0,1,0.00363,0.00874
0.00172,0.0347,0.0395,0.000474,0.000416,55.4,0,3,0.000133,0.0108
0.00167,0.00251,0.00295,2.26e-06,1.93e-06,87.2,0,4,6.13e-07,0.000778
0.000333,0.00407,0.024,0.0105,0.00178,9.28,0,0,0.000568,0.00126
0.000673,0.0471,0.137,0.238,0.0817,3.71,0,0,0.026,0.0146
0.000698,0.029,0.0814,0.00367,0.00131,46.4,0,3,0.000416,0.00898
0.00253,0.117,0.0907,0.00824,0.0106,33.6,0,2,0.00338,0.0362
0.0871,1.23,0.0277,0.0227,1.01,21.3,2,1,0.322,0.381
0.0135,0.544,0.0788,0.0951,0.657,6.97,1,0,0.209,0.169
0.000275,0.0119,0.0845,0.0108,0.00152,35.3,0,2,0.000483,0.00368
0.00343,0.00872,0.00498,1.93e-05,3.37e-05,52.9,0,3,1.07e-05,0.0027
0.0239,0.618,0.0506,0.0725,0.885,15.6,1,1,0.282,0.191
0.00713,0.0928,0.0255,0.000628,0.00228,61.3,0,3,0.000728,0.0288
0.000657,0.00164,0.0049,0.00233,0.00078,13,0,0,0.000248,0.000509
0.000955,0.00292,0.00599,0.00176,0.000856,19.2,0,1,0.000273,0.000904
0.0235,0.1,0.00835,0.00023,0.00276,67.9,1,4,0.000516,0.0217
0.000337,0.0272,0.158,0.368,0.0632,1.86,0,0,0.0118,0.0059
0.0491,0.794,0.0317,0.0314,0.787,49.8,2,3,0.147,0.172
0.000287,0.00728,0.0497,0.00321,0.000471,31.5,0,2,8.81e-05,0.00158
0.00196,0.00707,0.00709,0.00338,0.00337,14.8,0,0,0.000632,0.00154
0.0566,1.23,0.0427,0.0237,0.683,31.8,2,2,0.128,0.267
0.00143,0.00631,0.00867,7.64e-05,5.56e-05,45.1,0,3,1.04e-05,0.00137
0.00601,0.246,0.0802,0.169,0.52,6.77,0,0,0.0973,0.0534
0.00934,0.0636,0.0133,0.000282,0.00135,58,0,3,0.000252,0.0138
0.00268,0.158,0.116,0.323,0.442,5.09,0,0,0.0828,0.0344
0.00241,0.00563,0.00458,5.57e-06,6.84e-06,67.5,0,4,1.28e-06,0.00122
0.00435,0.0407,0.0183,0.0013,0.0029,30.1,0,2,0.000542,0.00884
0.00423,0.127,0.0589,0.103,0.222,14.3,0,0,0.0415,0.0276
0.00826,0.181,0.043,0.00216,0.00909,38.8,0,2,0.0017,0.0393
0.00865,0.115,0.026,0.00259,0.0114,33.5,0,2,0.00214,0.0249
0.0413,1.5,0.071,0.123,2.59,1.05,1,0,0.486,0.325
0.00595,0.00957,0.00316,2.08e-06,6.31e-06,82.5,0,4,1.01e-06,0.00181
0.048,1.31,0.0535,0.0583,1.43,26.3,1,1,0.229,0.247
0.0402,0.832,0.0406,0.0377,0.772,42.5,1,2,0.124,0.157
0.000616,0.00246,0.00784,0.00154,0.000484,24.1,0,1,7.75e-05,0.000465
0.00152,0.0395,0.0509,0.000955,0.000741,55.6,0,3,0.000119,0.00745
0.00523,0.153,0.0573,0.00327,0.00873,34.9,0,2,0.0014,0.0289
0.00159,0.00344,0.00423,0.00168,0.00137,18.9,0,1,0.000219,0.000649
0.00258,0.0869,0.0661,0.00386,0.00508,39.9,0,2,0.000813,0.0164
0.00533,0.218,0.0803,0.195,0.53,7.37,0,0,0.085,0.0412
0.0302,1.01,0.0655,0.113,1.74,20.2,1,1,0.279,0.19
0.00606,0.0167,0.00541,1.95e-05,6.02e-05,58.5,0,3,9.64e-06,0.00316
0.0124,0.167,0.0264,0.00664,0.0419,24.4,0,1,0.00672,0.0316
0.00454,0.134,0.0581,0.0718,0.166,15.6,0,1,0.0266,0.0254
0.0374,1.24,0.0651,0.0808,1.54,1.72,1,0,0.247,0.235
0.0209,0.0714,0.00671,4.9e-05,0.000521,52.9,1,3,8.35e-05,0.0135
0.00167,0.00148,0.00174,7.55e-07,6.42e-07,87.2,0,4,2.87e-07,0.000352
0.00271,0.00514,0.00371,3.12e-06,4.32e-06,72.2,0,4,1.93e-06,0.00122
0.185,3.76,0.0399,0.0223,2.11,38,4,2,0.943,0.891
0.00271,0.0314,0.0227,0.000671,0.000927,42.9,0,2,0.000415,0.00745
0.000298,0.000401,0.00264,0.000454,6.91e-05,27.8,0,1,3.09e-05,9.52e-05
0.000308,0.00063,0.00401,0.00104,0.000164,24.1,0,1,7.33e-05,0.000149
0.00354,0.125,0.0692,0.00247,0.00445,48.7,0,3,0.00199,0.0296
0.0228,0.184,0.0158,0.000571,0.00664,54,1,3,0.00297,0.0436
0.00455,0.0278,0.012,0.00684,0.0159,15.1,0,1,0.0071,0.0066
0.00812,0.0149,0.00359,4.31e-06,1.78e-05,65.7,0,4,7.98e-06,0.00353
0.000962,0.00301,0.00614,0.00191,0.000937,17.9,0,1,0.000419,0.000715
0.000336,0.028,0.164,0.469,0.0802,5.57,0,0,0.0359,0.00665
0.00321,0.0377,0.0231,0.0109,0.0177,17.8,0,1,0.00794,0.00894
0.000333,0.000106,0.000622,0.000245,4.16e-05,9.28,0,0,1.86e-05,2.5e-05
0.00167,0.00268,0.00315,2.23e-06,1.9e-06,87.2,0,4,6.64e-07,0.000676
0.106,2.01,0.037,0.0194,1.05,5.42,3,0,0.368,0.507
0.0491,0.532,0.0212,0.000734,0.0184,60,2,3,0.00642,0.134
0.00888,0.324,0.0714,0.129,0.585,10.2,0,0,0.204,0.0817
0.0233,0.337,0.0283,0.00151,0.0179,46.9,1,3,0.00625,0.085
0.00233,0.0828,0.0698,0.105,0.125,9.26,0,0,0.0436,0.0209
0.00494,0.0387,0.0154,0.00954,0.024,12.5,0,0,0.00839,0.00977
0.0034,0.051,0.0295,0.0027,0.00468,32.6,0,2,0.00163,0.0129
0.00709,0.071,0.0196,0.000595,0.00215,46.7,0,3,0.000752,0.0179
0.00833,0.461,0.109,0.242,1.03,6.55,0,0,0.36,0.116
0.000262,0.014,0.104,0.00991,0.00133,39,0,2,0.000463,0.00353
0.000248,0.0125,0.0987,0.00743,0.000939,42.7,0,2,0.000328,0.00315
0.000606,0.00295,0.00955,0.00217,0.00067,25.9,0,1,0.000234,0.000745
0.00366,0.0239,0.0128,0.000261,0.000486,52.1,0,3,0.00017,0.00602
0.00167,0.00136,0.00159,6.77e-07,5.76e-07,87.2,0,4,1.07e-07,0.000289
0.012,0.111,0.0182,0.000578,0.00353,41.5,0,2,0.000655,0.0237
0.14,3.31,0.0463,0.0526,3.76,37.9,3,2,0.697,0.707
0.000323,0.00153,0.0093,0.00338,0.000557,16.7,0,1,0.000103,0.000327
0.000316,0.00126,0.00781,0.00202,0.000326,20.4,0,1,6.04e-05,0.000269
0.0026,0.0779,0.0588,0.00515,0.00681,31.1,0,2,0.00126,0.0166
0.00977,0.195,0.0392,0.0464,0.231,19.8,0,1,0.0429,0.0416
0.000969,0.0196,0.0396,0.0181,0.00894,16.7,0,1,0.00166,0.00418
0.00124,0.00676,0.0107,0.000105,6.65e-05,42.6,0,2,1.23e-05,0.00144
0.000657,0.0209,0.0623,0.0334,0.0112,13,0,0,0.00207,0.00446
0.000669,0.0112,0.033,0.0198,0.00675,7.41,0,0,0.00125,0.0024
0.0168,0.15,0.0175,0.000652,0.0056,56.1,1,3,0.00104,0.032
0.00329,0.0171,0.0102,0.00562,0.00944,12.2,0,0,0.00175,0.00364
0.00489,0.0185,0.0074,2.54e-05,6.33e-05,68.6,0,4,1.17e-05,0.00394
0.00379,0.179,0.0927,0.00668,0.0129,41.3,0,2,0.00239,0.0382
0.00671,0.493,0.144,0.39,1.34,2.22,0,0,0.247,0.105
0.021,0.0354,0.00331,4.41e-06,4.72e-05,63.2,1,3,8.74e-06,0.00756
0.000632,0.000752,0.00233,0.000747,0.000241,20.4,0,1,4.46e-05,0.00016
0.00146,0.033,0.0444,0.00418,0.00311,30,0,2,0.000577,0.00705
0.0965,1.38,0.028,0.0387,1.9,42,2,2,0.32,0.312
0.0321,0.621,0.0379,0.0211,0.347,12.4,1,0,0.0584,0.141
0.00167,0.0037,0.00435,5.24e-06,4.46e-06,87.2,0,4,7.51e-07,0.000838
0.00969,0.0499,0.0101,0.00525,0.0259,25,0,1,0.00437,0.0113
0.0103,0.179,0.0341,0.000638,0.00334,58.9,0,3,0.000563,0.0406
0.0722,2.14,0.0581,0.0992,3.66,1.75,2,0,0.615,0.485
0.00419,0.0204,0.00956,0.00169,0.00361,27.2,0,1,0.000608,0.00463
0.00051,0.0182,0.07,0.00383,0.000996,40.8,0,2,0.000168,0.00413
0.00167,0.00247,0.0029,1.86e-06,1.58e-06,87.2,0,4,3.3e-07,0.000455
0.0115,0.189,0.0322,0.0018,0.0105,39,0,2,0.0022,0.0348
0.0219,0.602,0.0539,0.0859,0.959,19.5,1,1,0.2,0.111
0.00167,0.00294,0.00346,3.27e-06,2.78e-06,87.2,0,4,5.8e-07,0.000542
0.0989,2.98,0.0591,0.0593,2.99,25.9,2,1,0.624,0.55
0.000287,0.00358,0.0244,0.00131,0.000193,31.5,0,2,4.02e-05,0.00066
0.0008,0.0263,0.0644,0.00256,0.00104,37.7,0,2,0.000218,0.00485
0.0192,0.357,0.0365,0.00185,0.0181,44,1,2,0.00378,0.0659
0.000671,0.0184,0.0536,0.0345,0.0118,5.57,0,0,0.00246,0.00338
0.0257,0.623,0.0475,0.00171,0.0224,52.8,1,3,0.00467,0.115
0.00477,0.0652,0.0268,0.0137,0.0333,19.1,0,1,0.00694,0.012
0.00595,0.0419,0.0138,0.000171,0.00052,46.7,0,3,0.000108,0.00774
0.0282,0.485,0.0337,0.0513,0.738,16.5,1,1,0.154,0.0895
0.00475,0.022,0.00909,0.00222,0.00538,27.9,0,1,0.00112,0.00406
0.00167,0.0029,0.00341,2.59e-06,2.2e-06,87.2,0,4,4.13e-07,0.000672
0.0274,1.07,0.0769,0.179,2.5,24.6,1,1,0.47,0.249
0.111,1.98,0.0349,0.0288,1.63,47.1,3,3,0.307,0.46
0.00305,0.0797,0.0513,0.00506,0.00787,34.4,0,2,0.00148,0.0185
0.00501,0.217,0.0849,0.0966,0.247,5.28,0,0,0.0463,0.0502
0.0398,0.351,0.0173,0.0114,0.232,25.6,1,1,0.0435,0.0815
0.013,0.0715,0.0107,0.00417,0.0277,22.4,0,1,0.00521,0.0166
0.00791,0.295,0.073,0.163,0.658,9.23,0,0,0.124,0.0683
0.00886,0.105,0.0232,0.000807,0.00365,39.6,0,2,0.000685,0.0243
0.000333,0.00271,0.0159,0.00765,0.0013,9.28,0,0,0.000244,0.000628
0.00128,0.0628,0.096,0.0069,0.00451,40.4,0,2,0.000848,0.0146
0.00149,0.0689,0.0909,0.00589,0.00447,42.5,0,2,0.000839,0.016
0.00167,0.00241,0.00283,1.74e-06,1.48e-06,87.2,0,4,3.72e-07,0.000483
0.105,2.52,0.0469,0.0446,2.39,8.09,2,0,0.601,0.505
0.00167,0.00272,0.0032,2.53e-06,2.16e-06,87.2,0,4,5.41e-07,0.000546
0.0907,2.26,0.0489,0.0338,1.56,43.4,2,2,0.393,0.454
0.000262,0.0107,0.0803,0.00348,0.000465,39,0,2,0.000117,0.00215
0.013,0.0366,0.00553,0.00209,0.0139,22.6,0,1,0.00348,0.00734
0.000427,0.000707,0.00325,2.98e-06,6.49e-07,75.2,0,4,1.63e-07,0.000142
0.00347,0.0226,0.0128,0.00089,0.00157,30.3,0,2,0.000395,0.00453
0.00515,0.0119,0.00453,6.65e-06,1.75e-05,65.3,0,4,4.39e-06,0.00238
0.00423,0.118,0.0548,0.00422,0.0091,32.8,0,2,0.00228,0.0237
0.0389,0.499,0.0251,0.0363,0.722,46.6,1,3,0.105,0.106
0.0241,0.433,0.0351,0.0017,0.0209,50.4,1,3,0.00305,0.0918
0.0201,0.266,0.026,0.000842,0.00863,67,1,4,0.00126,0.0565
0.000336,0.0116,0.0676,0.0518,0.00886,5.57,0,0,0.00129,0.00245
0.00693,0.0642,0.0182,0.0112,0.0396,19.8,0,1,0.00579,0.0136
0.0977,1.84,0.037,0.058,2.89,26.5,2,1,0.422,0.391
0.000308,0.000921,0.00586,0.00135,0.000211,24.1,0,1,3.09e-05,0.000195
0.00375,0.117,0.061,0.00188,0.0036,51.4,0,3,0.000526,0.0247
0.0203,1.06,0.102,0.302,3.13,7.48,1,0,0.457,0.226
0.0173,0.369,0.0418,0.00229,0.0202,44.5,1,2,0.00295,0.0784
0.00175,0.0468,0.0525,0.0077,0.00686,30.3,0,2,0.001,0.00993
0.0701,0.886,0.0248,0.0234,0.837,46.7,2,3,0.214,0.207
0.0504,1.03,0.0399,0.0453,1.17,11.1,2,0,0.299,0.24
0.0403,0.611,0.0297,0.0192,0.396,50.1,1,3,0.101,0.143
0.00249,0.00601,0.00474,0.00108,0.00137,22.7,0,1,0.00035,0.00141
0.0179,0.267,0.0293,0.000376,0.00343,58.9,1,3,0.000878,0.0624
0.000329,0.00145,0.00866,0.0041,0.000687,13,0,0,0.000176,0.00034
0.000955,0.00624,0.0128,0.0047,0.00229,19.2,0,1,0.000587,0.00146
0.00264,0.0853,0.0633,0.00205,0.00277,49,0,3,0.000709,0.02
0.00265,0.129,0.0953,0.15,0.202,10.7,0,0,0.0518,0.0301
0.0153,0.571,0.0733,0.00453,0.0353,48,1,3,0.00904,0.134
0.0171,0.571,0.0654,0.141,1.23,8.33,1,0,0.316,0.134
0.00554,0.0904,0.032,0.00167,0.00472,34.2,0,2,0.00121,0.0212
0.000997,0.0234,0.0461,0.0405,0.0206,9.25,0,0,0.00527,0.00549
0.0638,0.145,0.00447,9.69e-05,0.00315,62.6,2,3,0.000972,0.0381
0.118,2.35,0.0392,0.0274,1.65,9.22,3,0,0.509,0.618
0.00167,0.00308,0.00362,3.42e-06,2.91e-06,87.2,0,4,8.97e-07,0.000807
0.00869,0.448,0.101,0.16,0.708,3.52,0,0,0.219,0.118
0.00328,0.00771,0.0046,0.000691,0.00116,27.4,0,1,0.000357,0.00202
0.0145,0.406,0.0551,0.0688,0.508,5.97,1,0,0.157,0.107
0.000491,0.00152,0.00607,1.51e-05,3.78e-06,68.7,0,4,1.17e-06,0.000399
0.00557,0.163,0.0573,0.00297,0.00845,40.9,0,2,0.00261,0.0427
0.00435,0.214,0.0963,0.154,0.342,2.67,0,0,0.105,0.0561
0.00637,0.0315,0.0097,0.00459,0.0149,18.4,0,1,0.0046,0.00828
0.000661,0.00679,0.0201,0.0103,0.00349,11.1,0,0,0.00108,0.00178
0.000551,0.0297,0.106,0.0116,0.00326,35.3,0,2,0.00101,0.00779
0.00167,0.00163,0.00192,9.42e-07,8.01e-07,87.2,0,4,1.36e-07,0.000372
0.101,1.31,0.0254,0.0325,1.68,38.1,2,2,0.286,0.299
0.0458,0.744,0.0319,0.00275,0.0643,39.8,1,2,0.0109,0.169
0.00167,0.00344,0.00404,3.99e-06,3.39e-06,87.2,0,4,5.78e-07,0.000783
0.00235,0.194,0.161,0.506,0.608,3.43,0,0,0.103,0.0441
0.0127,0.642,0.0993,0.166,1.08,9.63,0,0,0.183,0.146
0.00497,0.012,0.00475,0.00125,0.00316,22.1,0,1,0.000538,0.00274
0.0201,0.983,0.0961,0.178,1.83,8.04,1,0,0.311,0.224
0.00383,0.0691,0.0353,0.00116,0.00227,40.1,0,2,0.000386,0.0157
0.000524,0.0267,0.0997,0.00808,0.00216,39,0,2,0.000368,0.00607
0.0086,0.312,0.071,0.139,0.61,9.91,0,0,0.104,0.0709
0.00162,0.00673,0.00814,4.31e-05,3.57e-05,61,0,3,6.07e-06,0.00153
0.0082,0.0443,0.0106,0.000156,0.000653,48,0,3,0.000111,0.0101
0.000308,0.00106,0.00672,0.00159,0.00025,24.1,0,1,4.26e-05,0.00024
0.000639,0.00485,0.0149,0.00512,0.00167,18.5,0,1,0.000284,0.0011
0.00136,0.0356,0.0514,0.000893,0.000618,54.8,0,3,0.000105,0.00811
0.00167,0.00254,0.00298,2.02e-06,1.72e-06,87.2,0,4,3.36e-07,0.000632
0.0147,0.512,0.0681,0.109,0.816,9.51,1,0,0.159,0.128
0.0248,0.18,0.0142,0.000492,0.00622,65.8,1,4,0.00121,0.0448
0.0194,0.277,0.028,0.0101,0.0998,40.9,1,2,0.0195,0.0691
0.00953,0.0663,0.0136,0.00578,0.0281,23.6,0,1,0.00549,0.0165
0.00722,0.0297,0.00805,5.37e-05,0.000198,51.6,0,3,3.86e-05,0.0074
0.000671,0.0538,0.157,0.425,0.146,5.57,0,0,0.0284,0.0134
0.00387,0.0183,0.00924,0.00617,0.0122,16.6,0,1,0.00238,0.00455
0.00293,0.0328,0.0219,0.021,0.0314,14.6,0,0,0.00613,0.00818
0.101,1.88,0.0365,0.0428,2.21,9.56,2,0,0.431,0.47
0.0312,0.911,0.0573,0.111,1.77,21.6,1,1,0.346,0.227
0.00277,0.00705,0.00499,1.19e-05,1.68e-05,56.6,0,3,3.28e-06,0.00176
0.000661,0.00128,0.00378,0.00168,0.000566,11.1,0,0,0.00011,0.000318
0.00106,0.0343,0.0634,0.00367,0.00199,38,0,2,0.000388,0.00856
0.0256,0.23,0.0176,0.000687,0.00896,55.8,1,3,0.00124,0.0407
0.0281,0.306,0.0214,0.00108,0.0155,49.8,1,3,0.00214,0.0541
0.0379,1.24,0.0643,0.12,2.31,18.5,1,1,0.32,0.22
0.00167,0.00327,0.00385,4.06e-06,3.45e-06,87.2,0,4,4.78e-07,0.000578
0.000487,0.00531,0.0214,0.000121,3.01e-05,61.2,0,3,4.17e-06,0.000938
0.00217,0.00402,0.00363,4.11e-06,4.55e-06,63.4,0,3,6.31e-07,0.00071
0.0013,0.0257,0.0388,0.0191,0.0127,14.8,0,0,0.00175,0.00454
0.00632,0.21,0.0652,0.122,0.394,8.86,0,0,0.0546,0.0371
0.00431,0.137,0.0621,0.00186,0.0041,52.1,0,3,0.000568,0.0241
0.102,3.3,0.0638,0.0855,4.43,8.5,2,0,0.614,0.584
0.00813,0.128,0.0307,0.00124,0.00514,41.4,0,2,0.000712,0.0225
0.0111,0.065,0.0115,0.00566,0.0321,18.8,0,1,0.00445,0.0115
0.114,1.92,0.0332,0.0466,2.7,27,3,1,0.457,0.42
0.0358,0.826,0.0453,0.0837,1.53,26.5,1,1,0.258,0.18
0.0203,0.383,0.0369,0.00151,0.0156,62.2,1,3,0.00263,0.0834
0.0021,0.0484,0.0452,0.000699,0.000749,55.4,0,3,0.000126,0.0106
0.00131,0.0478,0.0716,0.0539,0.036,13.9,0,0,0.00608,0.0104
0.0193,0.6,0.0611,0.0785,0.771,19.4,1,1,0.13,0.131
0.017,0.309,0.0357,0.000778,0.00674,57.1,1,3,0.00114,0.0675
0.00513,0.0169,0.00648,0.00132,0.00344,26.2,0,1,0.000582,0.00369
0.00101,0.0847,0.164,0.628,0.324,3.09,0,0,0.0546,0.0185
0.00164,0.0654,0.0781,0.00377,0.00316,45.6,0,3,0.000534,0.0143
0.0105,0.28,0.0526,0.0993,0.529,10.9,0,0,0.0894,0.0611
0.00167,0.00236,0.00277,1.68e-06,1.42e-06,87.2,0,4,6.33e-07,0.000603
0.0323,0.41,0.0249,0.00209,0.0344,34.7,1,2,0.0153,0.105
0.103,1.61,0.0305,0.00218,0.115,49.5,2,3,0.0511,0.412
0.0135,0.706,0.102,0.215,1.48,9.66,1,0,0.657,0.181
0.00682,0.0539,0.0155,0.0125,0.0435,14.8,0,0,0.0193,0.0138
0.0288,0.532,0.0362,0.0017,0.025,41.8,1,2,0.0111,0.136
0.0168,0.283,0.0329,0.00155,0.0133,42.2,1,2,0.00593,0.0724
0.005,0.233,0.0915,0.198,0.506,6.74,0,0,0.225,0.0597
0.0091,0.0576,0.0124,0.00634,0.0294,20.1,0,1,0.0131,0.0147
0.00806,0.0202,0.00492,0.00125,0.00513,22.3,0,1,0.00228,0.00518
0.0306,0.175,0.0112,0.000311,0.00486,64.2,1,3,0.000944,0.0326
0.0866,2.31,0.0522,0.037,1.63,22.2,2,1,0.317,0.43
0.0066,0.0148,0.00439,4.92e-06,1.66e-05,79.5,0,4,3.22e-06,0.00275
0.000606,0.00242,0.00784,0.00114,0.000354,25.9,0,1,6.87e-05,0.000451
0.0437,1.81,0.0812,0.103,2.28,22.8,1,1,0.444,0.337
0.00442,0.13,0.0578,0.0385,0.0869,20.1,0,1,0.0169,0.0242
0.000262,0.0144,0.108,0.0124,0.00166,39,0,2,0.000322,0.00269
0.0169,0.37,0.0429,0.0585,0.505,19.9,1,1,0.0981,0.0689
0.00817,0.013,0.00313,0.000344,0.00143,25.8,0,1,0.000279,0.00243
0.00749,0.075,0.0196,0.000359,0.00137,43.9,0,2,0.000267,0.014
0.00899,0.327,0.0713,0.0903,0.414,3.89,0,0,0.0804,0.0608
0.00587,0.135,0.045,0.0709,0.212,13.9,0,0,0.0413,0.0251
0.0505,0.391,0.0152,0.000775,0.02,52.5,2,3,0.00492,0.0968
0.146,2.91,0.0389,0.0312,2.33,41.5,3,2,0.573,0.719
0.0157,0.0538,0.00671,0.00338,0.0271,20.2,1,1,0.00669,0.0133
0.00172,0.0235,0.0267,0.00336,0.00295,31.4,0,2,0.000727,0.00581
0.00368,0.288,0.154,0.53,0.994,7.23,0,0,0.245,0.0714
0.00234,0.106,0.0885,0.245,0.293,5,0,0,0.0721,0.0262
0.000597,0.0114,0.0375,0.00495,0.00151,27.8,0,1,0.000371,0.00283
0.00235,0.145,0.121,0.317,0.381,0.793,0,0,0.094,0.0359
0.00387,0.116,0.0586,0.00592,0.0117,34.5,0,2,0.00288,0.0286
0.0198,0.0377,0.00374,9.45e-06,9.53e-05,69.9,1,4,2.51e-05,0.0088
0.0144,0.532,0.0725,0.146,1.07,9.95,1,0,0.282,0.124
0.0314,0.551,0.0343,0.0196,0.314,18.9,1,1,0.0827,0.129
0.0928,1.81,0.0382,0.0203,0.961,51.6,2,3,0.253,0.422
0.00613,0.189,0.0603,0.00267,0.00834,40.5,0,2,0.00219,0.044
0.00606,0.0679,0.022,0.0137,0.0424,18.6,0,1,0.0111,0.0159
0.0124,0.451,0.0711,0.114,0.72,18.2,0,1,0.189,0.105
0.0018,0.00575,0.00625,0.000813,0.000749,26.4,0,1,0.000197,0.00134
0.00557,0.107,0.0377,0.048,0.136,12.9,0,0,0.0359,0.025
0.0049,0.236,0.0944,0.203,0.506,13.4,0,0,0.133,0.0551
0.0209,0.266,0.025,0.000988,0.0105,48,1,3,0.00277,0.0621
0.00133,0.0339,0.05,0.0426,0.0289,9.26,0,0,0.00761,0.00791
0.0899,0.909,0.0198,0.0258,1.18,43.6,2,2,0.304,0.243
0.0297,0.774,0.051,0.0731,1.11,12.1,1,0,0.285,0.207
0.00167,0.00377,0.00443,5.29e-06,4.51e-06,87.2,0,4,1.16e-06,0.00101
0.0414,1.05,0.0499,0.00298,0.0629,42.8,1,2,0.0161,0.281
0.0296,0.326,0.0216,0.00106,0.0159,37.7,1,2,0.00409,0.0872
0.00264,0.054,0.0402,0.0491,0.0661,12.1,0,0,0.017,0.0144
0.000674,0.0594,0.173,1.02,0.349,1.86,0,0,0.0896,0.0159
0.00603,0.0551,0.0179,0.0153,0.047,17.9,0,1,0.0121,0.0147
0.00156,0.0128,0.0161,0.00538,0.00427,22.6,0,1,0.0011,0.00341
0.00235,0.101,0.084,0.261,0.313,5.55,0,0,0.0802,0.0269
0.00163,0.00258,0.00311,0.00196,0.00163,15.2,0,1,0.000417,0.00069
0.000811,0.00268,0.00647,2.35e-05,9.71e-06,61.2,0,3,2.49e-06,0.000715
0.0101,0.0821,0.0159,0.00888,0.0459,19.1,0,1,0.0118,0.0219
0.00536,0.299,0.109,0.255,0.697,2.05,0,0,0.179,0.08
0.000262,0.0108,0.0811,0.00522,0.000699,39,0,2,0.000179,0.0029
0.00167,0.00185,0.00218,1.15e-06,9.77e-07,87.2,0,4,1.64e-07,0.000386
0.00196,0.00715,0.00715,3.69e-05,3.69e-05,49.5,0,3,6.18e-06,0.00149
0.0866,2.37,0.0538,0.0855,3.77,0.279,2,0,0.633,0.495
0.00167,0.0032,0.00377,3.73e-06,3.18e-06,87.2,0,4,5.32e-07,0.000668
0.0973,1.87,0.0378,0.0324,1.61,13,2,0,0.269,0.391
0.00904,0.363,0.0786,0.124,0.572,15.8,0,1,0.0959,0.0756
0.00121,0.0152,0.0246,0.000377,0.000233,53.1,0,3,3.91e-05,0.00317
0.000216,0.0077,0.0698,0.00223,0.000246,50.1,0,3,4.12e-05,0.0016
0.00166,0.0866,0.102,0.0124,0.0105,34.6,0,2,0.00177,0.0181
0.0118,0.0297,0.00495,1.46e-05,8.79e-05,57.8,0,3,1.47e-05,0.0062
0.00823,0.0206,0.0049,8.46e-06,3.55e-05,70,0,4,5.96e-06,0.00429
0.000262,0.0135,0.101,0.00836,0.00112,39,0,2,0.000187,0.00282
0.00167,0.0017,0.002,1.05e-06,8.9e-07,87.2,0,4,3.73e-07,0.000522
0.185,2.46,0.0261,0.0193,1.81,2.02,3,0,0.76,0.756
0.00138,0.0093,0.0132,0.000114,8.01e-05,46.9,0,3,3.36e-05,0.00286
0.0145,0.156,0.0211,0.000795,0.00588,42.6,1,2,0.00246,0.048
0.0015,0.00418,0.00546,1.73e-05,1.32e-05,56,0,3,5.54e-06,0.00128
0.00161,0.00422,0.00515,0.00181,0.00149,17.4,0,1,0.000622,0.0013
0.00844,0.213,0.0495,0.0546,0.235,14.7,0,0,0.0985,0.0654
0.00757,0.27,0.07,0.00419,0.0162,38.8,0,2,0.00677,0.083
0.00301,0.136,0.0886,0.205,0.315,6.78,0,0,0.132,0.0418
0.00167,0.00192,0.00226,1.15e-06,9.8e-07,87.2,0,4,2.08e-07,0.000444
0.00692,0.188,0.0534,0.00292,0.0103,37.1,0,2,0.00218,0.0436
0.00673,0.542,0.158,0.461,1.58,0.37,0,0,0.335,0.125
0.117,1.89,0.0318,0.0163,0.968,48.1,3,3,0.205,0.437
0.0039,0.0716,0.036,0.00303,0.00604,34.1,0,2,0.00128,0.0166
0.00664,0.182,0.0539,0.147,0.497,16.8,0,1,0.105,0.0422
0.000811,0.00167,0.00404,6.1e-06,2.52e-06,61.2,0,3,5.35e-07,0.000387
0.00712,0.0952,0.0262,0.0515,0.187,20.9,0,1,0.0396,0.022
0.00294,0.00747,0.00499,0.00201,0.00301,14.2,0,0,0.000638,0.00173
0.0116,0.179,0.0302,0.00112,0.00665,49.8,0,3,0.00141,0.0415
0.00302,0.186,0.121,0.354,0.545,5.14,0,0,0.115,0.0431
0.00296,0.016,0.0106,0.00119,0.00179,28.5,0,1,0.00038,0.0037
0.00879,0.423,0.0943,0.198,0.886,13.8,0,0,0.188,0.0978
0.0392,0.424,0.0212,0.00075,0.015,41.7,1,2,0.00318,0.0981
0.00451,0.115,0.0502,0.0052,0.012,33,0,2,0.00253,0.0267
0.00167,0.00325,0.00382,3.2e-06,2.72e-06,87.2,0,4,9.9e-07,0.000811
0.000817,0.00207,0.00497,8.22e-06,3.42e-06,66.1,0,4,1.25e-06,0.000517
0.171,3.16,0.0362,0.0306,2.67,19.7,3,1,0.971,0.788
0.0356,0.559,0.0308,0.00177,0.0322,63.4,1,3,0.0117,0.139
0.000162,0.00037,0.00447,9.73e-06,8.05e-07,61.2,0,3,2.93e-07,9.22e-05
0.000597,0.00738,0.0242,0.00394,0.0012,27.8,0,1,0.000436,0.00184
0.00163,0.0529,0.0638,0.00364,0.00301,36.4,0,2,0.0011,0.0132
0.00252,0.0446,0.0347,0.00442,0.00569,33.5,0,2,0.00207,0.0111
0.0296,0.149,0.0099,0.00147,0.0222,28.1,1,1,0.00809,0.0373
0.000308,0.000581,0.0037,0.0012,0.000188,24.1,0,1,6.86e-05,0.000145
0.00687,0.0313,0.00892,0.00408,0.0143,21.4,0,1,0.00521,0.0078
0.00822,0.0155,0.00369,3.2e-06,1.34e-05,78.8,0,4,4.33e-06,0.00353
0.203,3.58,0.0346,0.0294,3.04,25.9,4,1,0.981,0.817
0.00186,0.0159,0.0168,0.000243,0.000231,46.3,0,3,7.45e-05,0.00364
0.0311,0.758,0.0479,0.00363,0.0575,42,1,2,0.0186,0.173
0.00421,0.0093,0.00433,4.68e-06,1e-05,71,0,4,3.24e-06,0.00212
0.000298,0.00236,0.0155,0.0022,0.000335,27.8,0,1,0.000108,0.000538
0.00167,0.00266,0.00312,2.21e-06,1.88e-06,87.2,0,4,3.81e-07,0.000594
0.222,4.2,0.0371,0.0403,4.57,3.44,4,0,0.928,0.938
0.00167,0.0033,0.00389,3.94e-06,3.35e-06,87.2,0,4,6.8e-07,0.000738
0.00135,0.112,0.163,0.508,0.349,3.71,0,0,0.0709,0.025
0.00514,0.0198,0.00754,2.25e-05,5.91e-05,71.1,0,4,1.2e-05,0.00442
0.0081,0.0534,0.0129,0.000344,0.00142,55.9,0,3,0.000289,0.0119
0.00101,0.00345,0.00671,0.00386,0.00198,5.57,0,0,0.000403,0.00077
0.00222,0.0499,0.044,0.00065,0.000737,59.4,0,3,0.00015,0.0111
0.00832,0.0332,0.00782,6.23e-05,0.000264,50.8,0,3,5.37e-05,0.00742
0.153,1.74,0.0223,0.0248,1.94,44.9,3,2,0.407,0.427
0.00662,0.18,0.0534,0.0629,0.212,19.2,0,1,0.0446,0.0443
0.00167,0.00379,0.00446,5.24e-06,4.46e-06,87.2,0,4,9.35e-07,0.000931
0.011,0.0584,0.0104,0.00202,0.0113,26.7,0,1,0.00238,0.0143
0.00489,0.119,0.0478,0.045,0.112,14.1,0,0,0.0236,0.0292
0.000287,0.00793,0.0541,0.00822,0.00121,31.5,0,2,0.000253,0.00195
0.0685,1.97,0.0563,0.0713,2.49,16.1,2,1,0.522,0.483
0.0219,0.0385,0.00345,4.48e-06,5.01e-05,70.2,1,4,1.07e-05,0.0092
0.2,3.18,0.0312,0.0155,1.57,30.9,4,2,0.337,0.76
0.00113,0.00346,0.00599,3.63e-05,2.09e-05,47.8,0,3,4.49e-06,0.000825
0.00803,0.623,0.152,0.523,2.14,5.06,0,0,0.459,0.149
0.00202,0.177,0.171,0.906,0.934,0.619,0,0,0.2,0.0422
0.00544,0.0482,0.0174,0.00259,0.00719,26.1,0,1,0.00154,0.0115
0.00258,0.115,0.0872,0.00559,0.00736,45.4,0,3,0.00158,0.0274
0.00167,0.00289,0.0034,2.44e-06,2.08e-06,87.2,0,4,4.22e-07,0.000569
0.121,2.01,0.0325,0.00245,0.152,54.6,3,3,0.0308,0.396
0.0108,0.186,0.0338,0.00195,0.0107,34.2,0,2,0.00218,0.0366
0.00269,0.227,0.166,0.633,0.869,2.31,0,0,0.177,0.0448
0.102,2.55,0.0489,0.0682,3.56,3.69,2,0,0.723,0.502
0.00117,0.0162,0.0271,0.00421,0.00252,29.6,0,1,0.000512,0.00319
0.00101,0.0858,0.167,0.637,0.328,4.33,0,0,0.0667,0.0169
0.228,3.55,0.0305,0.0275,3.2,34.9,4,2,0.777,0.861
0.00167,0.00337,0.00396,4.66e-06,3.96e-06,87.2,0,4,9.63e-07,0.000817
0.000298,0.000789,0.00519,0.00101,0.000154,27.8,0,1,3.74e-05,0.000191
0.00159,0.0412,0.0507,0.0299,0.0243,18.8,0,1,0.00591,0.00998
0.0073,0.291,0.0781,0.192,0.714,9.22,0,0,0.174,0.0704
0.0103,0.0686,0.013,0.00552,0.0291,24.8,0,1,0.00708,0.0166
0.000994,0.00448,0.00883,0.00435,0.00221,10.5,0,0,0.000536,0.00109
0.00486,0.0815,0.0328,0.00308,0.00765,30.4,0,2,0.00186,0.0197
0.00268,0.0831,0.0609,0.103,0.141,6.47,0,0,0.0342,0.0201
0.00167,0.00265,0.00311,2.13e-06,1.81e-06,87.2,0,4,4.34e-07,0.000512
0.231,4.24,0.0361,0.027,3.17,21.5,4,1,0.76,0.82
0.0129,0.681,0.103,0.15,0.99,5.09,0,0,0.237,0.132
0.00136,0.0435,0.0625,0.00559,0.00389,35.9,0,2,0.00093,0.0084
0.00595,0.201,0.0662,0.00309,0.00939,42.3,0,2,0.00225,0.0388
0.000162,0.000284,0.00343,3.2e-06,2.65e-07,76.1,0,4,6.35e-08,5.49e-05
0.109,1.58,0.0284,0.039,2.17,40.8,3,2,0.354,0.311
0.00167,0.00326,0.00384,3.82e-06,3.25e-06,87.2,0,4,5.3e-07,0.000643
0.00851,0.209,0.0482,0.119,0.516,12.9,0,0,0.0842,0.0412
0.000323,0.00042,0.00255,0.00109,0.00018,16.7,0,1,2.93e-05,8.27e-05
0.137,3.29,0.0471,0.0492,3.44,12.1,3,0,0.562,0.647
0.111,1.3,0.0229,0.0191,1.08,47.5,3,3,0.297,0.303
0.138,2.95,0.042,0.0363,2.54,16.6,3,1,0.699,0.69
0.00167,0.00345,0.00405,4.24e-06,3.61e-06,87.2,0,4,9.91e-07,0.000807
0.00132,0.0185,0.0274,0.0184,0.0124,11.1,0,0,0.00342,0.00432
0.000316,0.00109,0.00676,0.0022,0.000355,20.4,0,1,9.75e-05,0.000255
0.000652,0.00574,0.0173,0.00709,0.00236,14.8,0,0,0.000647,0.00134
0.193,2.78,0.0282,0.0234,2.31,22,4,1,0.924,0.752
0.0417,0.599,0.0282,0.00149,0.0317,62.6,1,3,0.0127,0.162
0.000199,0.00473,0.0465,0.000681,6.92e-05,53.8,0,3,2.77e-05,0.00128
0.00184,0.00945,0.0101,0.00242,0.00226,24.7,0,1,0.000906,0.00256
0.0026,0.0253,0.0191,0.012,0.0159,14.8,0,0,0.00637,0.00684
0.00415,0.209,0.0986,0.00863,0.0183,43.3,0,2,0.00731,0.0564
0.000674,0.051,0.148,0.326,0.112,1.86,0,0,0.0449,0.0138
0.00293,0.0173,0.0116,0.00644,0.00962,15,0,1,0.00385,0.00469
0.00167,0.00317,0.00372,2.93e-06,2.5e-06,87.2,0,4,6.26e-07,0.00069
0.243,4.19,0.0338,0.0254,3.16,19.1,4,1,0.792,0.913
0.00138,0.0543,0.0772,0.00317,0.00223,46.9,0,3,0.000559,0.0118
0.000216,0.00803,0.0727,0.00251,0.000277,50.1,0,3,6.94e-05,0.00175
0.0037,0.296,0.157,0.436,0.823,1.85,0,0,0.207,0.0644
0.00113,0.0369,0.0643,0.00552,0.00317,33.4,0,2,0.000794,0.00805
0.00284,0.00531,0.00367,3.01e-06,4.36e-06,83.8,0,4,6.9e-07,0.000959
0.242,4.99,0.0403,0.0416,5.14,15.5,4,1,0.815,0.9
0.0144,0.549,0.0748,0.159,1.17,15.6,1,1,0.185,0.0992
0.00167,0.00295,0.00347,2.64e-06,2.24e-06,87.2,0,4,3.66e-07,0.000546
0.248,5.36,0.0424,0.0485,6.14,11.8,4,0,1,0.993
0.00622,0.0145,0.00456,4.98e-06,1.58e-05,81,0,4,2.58e-06,0.00268
0.000713,0.0206,0.0567,0.00211,0.000766,45.1,0,3,0.000125,0.00383
0.0294,0.313,0.0208,0.000898,0.0135,59,1,3,0.00171,0.0584
0.0586,1.01,0.0338,0.0472,1.41,35.4,2,2,0.179,0.189
0.00167,0.00379,0.00445,5.55e-06,4.72e-06,87.2,0,4,5.98e-07,0.000707
0.147,3.97,0.0531,0.0864,6.46,5.89,3,0,0.819,0.742
0.000465,0.00223,0.00938,8.94e-05,2.12e-05,46.4,0,3,2.69e-06,0.000416
0.00369,0.0542,0.0288,0.00258,0.00487,32.2,0,2,0.000616,0.0101
0.0693,0.143,0.00405,3.81e-05,0.00135,62.2,2,3,0.000502,0.0435
0.00167,0.00245,0.00288,2.1e-06,1.78e-06,87.2,0,4,6.65e-07,0.000745
0.000323,0.000618,0.00375,0.00136,0.000224,16.7,0,1,8.34e-05,0.000188
0.000316,0.000761,0.00472,0.00117,0.000189,20.4,0,1,7.06e-05,0.000232
0.0079,0.445,0.11,0.121,0.488,11,0,0,0.182,0.135
0.155,2.45,0.0309,0.0217,1.72,18.9,3,1,0.641,0.746
0.00204,0.00948,0.0091,7.94e-05,8.26e-05,52.4,0,3,3.08e-05,0.00288
0.000323,0.00427,0.0259,0.0115,0.00189,16.7,0,1,0.000706,0.0013
0.000337,0.0292,0.17,0.688,0.118,1.86,0,0,0.0441,0.00888
0.00531,0.201,0.074,0.13,0.352,9.72,0,0,0.131,0.061
0.0119,0.0193,0.00318,2.32e-06,1.41e-05,76.4,0,4,2.73e-06,0.00351
0.237,5.36,0.0444,0.0426,5.15,31.6,4,2,0.999,0.976
0.000323,0.0011,0.00669,0.00211,0.000347,16.7,0,1,6.74e-05,0.000201
0.000586,0.00849,0.0284,0.00215,0.000642,29.6,0,1,0.000125,0.00154
0.00424,0.103,0.0478,0.00222,0.00479,37.3,0,2,0.00093,0.0188
0.00167,0.00223,0.00263,1.54e-06,1.31e-06,87.2,0,4,1.9e-07,0.000356
0.0492,1.45,0.0576,0.0571,1.43,28.2,2,1,0.208,0.23
0.0915,2,0.0428,0.0483,2.26,37.1,2,2,0.328,0.318
0.003,0.113,0.074,0.17,0.26,7.18,0,0,0.0377,0.0181
0.0805,2.66,0.0648,0.0715,2.94,1.54,2,0,0.426,0.424
0.0173,0.0577,0.00656,5.25e-05,0.000462,53.4,1,3,6.71e-05,0.00919
0.00167,0.00201,0.00236,1.25e-06,1.06e-06,87.2,0,4,4.18e-07,0.000402
0.244,4.87,0.0391,0.0203,2.53,40.1,4,2,0.995,0.976
0.000248,0.00206,0.0163,0.000197,2.49e-05,42.7,0,2,9.8e-06,0.000412
0.00238,0.013,0.0107,0.000155,0.000188,49.9,0,3,7.39e-05,0.0026
0.0118,0.0768,0.0128,0.000268,0.00161,57.2,0,3,0.000634,0.0154
0.00128,0.028,0.043,0.0181,0.0118,18.5,0,1,0.00464,0.00561
0.00167,0.00328,0.00385,3.25e-06,2.76e-06,87.2,0,4,1.34e-06,0.000943
0.173,2.33,0.0264,0.0176,1.55,6.98,3,0,0.75,0.67
0.0587,0.584,0.0195,0.00061,0.0182,61.7,2,3,0.00883,0.168
0.0196,0.383,0.0383,0.00202,0.0202,46.2,1,3,0.00976,0.11
0.00367,0.176,0.094,0.255,0.477,7.89,0,0,0.231,0.0506
0.0443,0.112,0.00494,6.06e-05,0.00137,62.7,1,3,0.000301,0.0252
0.0115,0.119,0.0204,0.00066,0.00386,39,0,2,0.00085,0.027
0.204,3.89,0.0374,0.0383,3.97,37,4,2,0.875,0.878
0.00221,0.0556,0.0493,0.0233,0.0263,20.4,0,1,0.00579,0.0126
0.00369,0.251,0.133,0.283,0.534,2.85,0,0,0.118,0.0568
0.216,4.77,0.0432,0.0657,7.25,25.1,4,1,0.967,0.915
0.00167,0.00353,0.00415,4.82e-06,4.1e-06,87.2,0,4,5.46e-07,0.000676
0.0177,0.27,0.0299,0.0242,0.219,0.922,1,0,0.0292,0.0518
0.0104,0.0503,0.0095,0.00518,0.0274,23.9,0,1,0.00365,0.00964
0.00603,0.121,0.0395,0.000578,0.00178,57.6,0,3,0.000237,0.0233
0.00167,0.00295,0.00347,2.7e-06,2.3e-06,87.2,0,4,4.74e-07,0.00052
0.0285,0.847,0.0582,0.0898,1.31,20,1,1,0.27,0.149
0.00167,0.00344,0.00404,4.07e-06,3.46e-06,87.2,0,4,7.14e-07,0.000606
0.007,0.124,0.0346,0.00199,0.0071,36,0,2,0.00146,0.0218
0.134,3.04,0.0445,0.0384,2.62,25.8,3,1,0.541,0.536
0.00785,0.159,0.0398,0.00157,0.0063,44.8,0,2,0.0013,0.0281
0.000316,0.0112,0.0694,0.0361,0.00582,20.4,0,1,0.0012,0.00197
0.0392,0.95,0.0476,0.00234,0.0468,48.2,1,3,0.00965,0.168
0.000465,0.00274,0.0116,0.000108,2.56e-05,46.4,0,3,5.28e-06,0.000484
0.0275,0.532,0.0378,0.0607,0.852,15,1,1,0.176,0.0938
0.00167,0.00318,0.00374,3.19e-06,2.71e-06,87.2,0,4,6.97e-07,0.000792
0.001,0.033,0.0645,0.102,0.052,8.03,0,0,0.0134,0.0082
0.233,3.67,0.0308,0.0312,3.71,27.6,4,1,0.956,0.914
0.00243,0.0798,0.0644,0.00358,0.00444,43.6,0,2,0.00114,0.0199
0.000538,0.0115,0.0419,0.00283,0.000777,37.1,0,2,0.0002,0.00286
0.00217,0.0734,0.0663,0.00426,0.00471,44.2,0,2,0.00121,0.0183
0.00134,0.0713,0.104,0.157,0.107,6.48,0,0,0.0275,0.0177
0.00463,0.0626,0.0265,0.00124,0.00294,34.4,0,2,0.000756,0.0156
0.000262,0.0116,0.0866,0.00666,0.000891,39,0,2,0.000229,0.00289
0.00167,0.0028,0.0033,2.31e-06,1.97e-06,87.2,0,4,7.3e-07,0.000528
0.255,5.3,0.0408,0.0207,2.69,28,4,1,1,0.999
0.21,3.21,0.03,0.0287,3.08,31.9,4,2,0.47,0.656
0.0224,0.413,0.0362,0.00119,0.0136,52.6,1,3,0.00207,0.0844
0.0103,0.0503,0.00953,4.18e-05,0.00022,74.5,0,4,3.37e-05,0.0103
0.00126,0.00546,0.00847,0.0025,0.00161,20.4,0,1,0.000246,0.00111
0.000181,0.00365,0.0395,0.000471,4.36e-05,57.5,0,3,6.65e-06,0.000745
0.000233,0.0093,0.0784,0.00317,0.000376,46.4,0,3,5.74e-05,0.0019
0.017,1.09,0.126,0.398,3.45,4.24,1,0,0.526,0.222
0.00279,0.0705,0.0496,0.000918,0.0013,56.3,0,3,0.000199,0.0144
0.00229,0.0451,0.0385,0.00372,0.00436,31.3,0,2,0.000665,0.0092
0.00167,0.00233,0.00274,1.61e-06,1.37e-06,87.2,0,4,3.65e-07,0.000509
0.139,2.48,0.0351,0.0367,2.6,10.1,3,0,0.692,0.543
0.0626,0.666,0.0209,0.000406,0.013,65.3,2,4,0.00345,0.146
0.00645,0.145,0.0439,0.0489,0.161,16,0,1,0.0429,0.0316
0.00215,0.0045,0.00412,4.18e-06,4.57e-06,69,0,4,1.22e-06,0.000985
0.0362,1.2,0.0649,0.0516,0.952,31.4,1,2,0.253,0.262
0.00279,0.0474,0.0333,0.00182,0.00259,34,0,2,0.000691,0.0104
0.00101,0.0266,0.0519,0.0576,0.0296,5.55,0,0,0.00788,0.00582
0.0824,0.354,0.00844,0.000244,0.0103,62.4,2,3,0.00349,0.102
0.153,2.41,0.0309,0.0254,1.98,3.27,3,0,0.674,0.692
0.00167,0.00325,0.00382,3.89e-06,3.3e-06,87.2,0,4,1.13e-06,0.000933
0.00536,0.356,0.13,0.241,0.659,3.22,0,0,0.224,0.102
0.00625,0.174,0.0546,0.0807,0.257,10.9,0,0,0.0876,0.05
0.000336,0.0195,0.114,0.0982,0.0168,5.57,0,0,0.00573,0.0056
0.000606,0.00255,0.00824,0.00157,0.000487,25.9,0,1,0.000166,0.000732
0.00418,0.141,0.0661,0.0023,0.00489,51.2,0,3,0.00167,0.0405
0.00319,0.0221,0.0136,0.00504,0.0082,18.5,0,1,0.00279,0.00635
0.00167,0.00216,0.00254,1.64e-06,1.4e-06,87.2,0,4,2.65e-07,0.000569
0.237,3.18,0.0263,0.0353,4.27,8.92,4,0,0.809,0.838
0.00167,0.00353,0.00415,4.76e-06,4.05e-06,87.2,0,4,7.68e-07,0.000931
0.00189,0.00768,0.00795,0.00274,0.00265,20.4,0,1,0.000503,0.00203
0.0069,0.363,0.103,0.159,0.56,12.8,0,0,0.106,0.0958
0.000248,0.00545,0.0431,0.000831,0.000105,42.7,0,2,1.99e-05,0.00144
0.000262,0.0115,0.0863,0.00481,0.000644,39,0,2,0.000122,0.00304
0.000337,0.0294,0.171,0.839,0.144,1.86,0,0,0.0274,0.00776
0.002,0.106,0.104,0.27,0.276,7.39,0,0,0.0523,0.0279
0.00231,0.0277,0.0235,0.016,0.0188,11.4,0,0,0.00357,0.0073
0.00499,0.0578,0.0227,0.000877,0.00223,47.2,0,3,0.000424,0.0152
0.00167,0.00276,0.00324,2.35e-06,2e-06,87.2,0,4,4.55e-07,0.000728
0.00839,0.0201,0.0047,6.25e-06,2.67e-05,77.5,0,4,6.1e-06,0.00531
0.0105,0.3,0.0559,0.0889,0.476,10.6,0,0,0.109,0.0791
0.203,2.78,0.0268,0.0244,2.52,16,4,1,0.575,0.733
0.0255,0.688,0.0529,0.106,1.38,20.7,1,1,0.316,0.182
0.0239,0.208,0.017,0.000577,0.00704,58,1,3,0.00121,0.0391
0.0431,0.307,0.014,0.00057,0.0125,52.6,1,3,0.00215,0.0579
0.0302,0.982,0.0638,0.099,1.53,19.6,1,1,0.261,0.185
0.00167,0.00318,0.00374,3.78e-06,3.22e-06,87.2,0,4,5.51e-07,0.0006
0.124,3.55,0.0561,0.0667,4.23,8.12,3,0,0.724,0.669
0.01,0.148,0.0289,0.001,0.00512,40.5,0,2,0.000877,0.0278
0.0154,0.108,0.0138,0.008,0.0627,20.6,1,1,0.0107,0.0204
0.202,2.76,0.0268,0.0297,3.06,28,4,1,0.836,0.756
0.00167,0.00341,0.00401,4.17e-06,3.55e-06,87.2,0,4,9.69e-07,0.000934
0.0107,0.211,0.0387,0.00105,0.0057,59.8,0,3,0.00156,0.0578
0.000524,0.028,0.105,0.0111,0.00296,39,0,2,0.000809,0.00769
0.00716,0.183,0.0501,0.103,0.375,12.7,0,0,0.102,0.0502
0.021,0.355,0.0332,0.00111,0.0118,48.7,1,3,0.00324,0.0974
0.000308,0.000139,0.000888,0.000254,3.99e-05,24.1,0,1,1.09e-05,3.82e-05
0.00742,0.11,0.029,0.0538,0.203,15.5,0,1,0.0556,0.0301
0.00167,0.00247,0.0029,1.85e-06,1.58e-06,87.2,0,4,7.99e-07,0.000603
0.0394,0.52,0.0259,0.00257,0.0517,30.4,1,2,0.0261,0.127
0.152,2.12,0.0273,0.00318,0.246,49.9,3,3,0.125,0.518
0.0204,0.837,0.0802,0.148,1.54,0.458,1,0,0.78,0.205
0.0121,0.309,0.0502,0.00297,0.0183,41.2,0,2,0.00927,0.0756
0.0107,0.222,0.0407,0.00184,0.01,41.7,0,2,0.00508,0.0543
0.00133,0.0359,0.0529,0.134,0.0907,9.26,0,0,0.0459,0.00879
0.00752,0.0459,0.012,0.00446,0.0171,20.6,0,1,0.00866,0.0112
0.0202,0.117,0.0113,0.000304,0.00313,63.1,1,3,0.000635,0.0219
0.22,4.91,0.0437,0.0415,4.67,20.7,4,1,0.947,0.921
0.00167,0.00335,0.00394,3.92e-06,3.33e-06,87.2,0,4,6.76e-07,0.000628
0.00176,0.0279,0.0311,0.00576,0.00517,29.6,0,1,0.00105,0.00523
0.000316,0.00905,0.0561,0.0225,0.00363,20.4,0,1,0.000735,0.0017
0.00639,0.0104,0.00319,0.000443,0.00144,25.2,0,1,0.000293,0.00195
0.00516,0.0502,0.0191,0.000289,0.000761,43.1,0,2,0.000154,0.00942
0.00564,0.203,0.0706,0.0867,0.25,8.79,0,0,0.0506,0.0381
0.042,0.257,0.012,0.000553,0.0119,49.5,1,3,0.0039,0.0593
0.21,4.06,0.0379,0.0282,3.02,43,4,2,0.995,0.939
0.000308,0.000266,0.00169,0.000302,4.75e-05,24.1,0,1,1.56e-05,6.15e-05
0.000632,0.000536,0.00166,0.000468,0.000151,20.4,0,1,4.96e-05,0.000124
0.00319,0.00807,0.00496,0.00191,0.0031,18.5,0,1,0.00102,0.00186
0.00167,0.00224,0.00264,1.54e-06,1.31e-06,87.2,0,4,4.41e-07,0.000478
0.206,4,0.0381,0.0249,2.61,36.3,4,2,0.875,0.853
8.11e-05,0.000101,0.00245,1.79e-06,7.39e-08,76.1,0,4,2.48e-08,2.16e-05
0.00508,0.117,0.0453,0.0309,0.0801,19.4,0,1,0.0269,0.025
0.0063,0.186,0.058,0.0617,0.198,24.3,0,1,0.0666,0.0398
0.00165,0.0236,0.028,0.0163,0.0137,11.5,0,0,0.00461,0.00503
0.000333,0.0263,0.155,0.329,0.0559,9.28,0,0,0.0188,0.00561
0.000657,0.0155,0.0463,0.0259,0.00867,13,0,0,0.00291,0.00331
0.000639,0.0139,0.0425,0.0159,0.00518,18.5,0,1,0.00174,0.00296
0.0228,0.302,0.0259,0.000889,0.0103,47.8,1,3,0.00347,0.0645
0.111,1.38,0.0243,0.0237,1.34,46.6,3,3,0.353,0.345
0.14,2.49,0.0348,0.0284,2.03,8.23,3,0,0.533,0.621
0.00167,0.00376,0.00442,5.39e-06,4.59e-06,87.2,0,4,1.2e-06,0.000937
0.000204,0.00034,0.00326,2.72e-06,2.83e-07,72.4,0,4,7.44e-08,8.48e-05
0.00128,0.0203,0.0311,0.012,0.00783,18.5,0,1,0.00205,0.00506
0.00135,0.112,0.164,0.623,0.428,0.923,0,0,0.112,0.0281
0.00167,0.00208,0.00244,1.4e-06,1.19e-06,87.2,0,4,2.05e-07,0.000393
0.018,0.115,0.0125,0.000527,0.00482,54.1,1,3,0.00083,0.0217
0.0912,2.45,0.0527,0.081,3.77,8.23,2,0,0.648,0.463
0.00167,0.00349,0.0041,4.59e-06,3.91e-06,87.2,0,4,6.73e-07,0.000659
0.117,2.26,0.0378,0.0308,1.84,11.9,3,0,0.317,0.427
0.00451,0.185,0.0802,0.0791,0.182,16.6,0,1,0.0313,0.0349
0.00606,0.186,0.0603,0.00274,0.00847,41.2,0,2,0.00146,0.0352
0.00138,0.0764,0.109,0.014,0.00984,35.3,0,2,0.00169,0.0144
0.00506,0.0138,0.00534,1.01e-05,2.6e-05,70.2,0,4,4.48e-06,0.00261
0.00167,0.00193,0.00227,1.26e-06,1.08e-06,87.2,0,4,5.34e-07,0.000635
0.237,2.77,0.0229,0.0154,1.86,2.47,4,0,0.925,0.911
0.000563,0.011,0.0384,0.0039,0.00112,33.4,0,2,0.000556,0.00363
0.00421,0.0294,0.0137,0.00814,0.0175,15.8,0,1,0.00869,0.00966
0.00648,0.179,0.0543,0.0027,0.00894,39.3,0,2,0.00444,0.059
0.000673,0.0487,0.142,0.358,0.123,3.71,0,0,0.061,0.016
0.00167,0.00201,0.00236,1.23e-06,1.05e-06,87.2,0,4,3.23e-07,0.000444
0.208,3.84,0.0362,0.0302,3.2,41.5,4,2,0.987,0.85
0.000932,0.00182,0.00383,0.00066,0.000314,22.9,0,1,9.67e-05,0.000403
0.00298,0.0279,0.0184,0.00999,0.0152,10,0,0,0.00468,0.00618
0.00309,0.0689,0.0437,0.00155,0.00244,40.1,0,2,0.000754,0.0152
0.00294,0.0413,0.0276,0.00235,0.00352,29.3,0,1,0.00109,0.00914
0.0418,0.536,0.0252,0.000904,0.0193,40.1,1,2,0.00594,0.119
0.00167,0.00306,0.0036,2.72e-06,2.31e-06,87.2,0,4,1.3e-06,0.000901
0.259,3.36,0.0255,0.0134,1.77,30.1,4,2,0.996,0.99
0.00571,0.0124,0.00425,0.000611,0.00178,26.5,0,1,0.001,0.00365
0.000632,0.00608,0.0189,0.00524,0.00169,20.4,0,1,0.000951,0.00179
0.00306,0.013,0.00833,0.00264,0.00412,24.3,0,1,0.00232,0.00382
0.00167,0.00334,0.00393,3.36e-06,2.86e-06,87.2,0,4,1.62e-06,0.000893
0.276,3.74,0.0266,0.0125,1.76,28.1,4,1,1,0.999
0.00167,0.00344,0.00405,3.63e-06,3.09e-06,87.2,0,4,7.04e-07,0.000893
0.00167,0.00379,0.00446,5.69e-06,4.84e-06,87.2,0,4,1.1e-06,0.000983
0.272,3.84,0.0277,0.0317,4.39,2.37,4,0,1,0.997
0.000298,0.00374,0.0246,0.00434,0.00066,27.8,0,1,0.00015,0.000971
0.188,2.04,0.0213,0.0261,2.49,45.1,4,3,0.487,0.496
0.00167,0.00379,0.00446,5.56e-06,4.73e-06,87.2,0,4,9.24e-07,0.000924
0.00145,0.024,0.0325,0.00523,0.00386,30.7,0,2,0.000755,0.00585
0.0756,2.04,0.0529,0.068,2.62,6.7,2,0,0.512,0.497
0.273,3.37,0.0242,0.0101,1.41,26.9,4,1,1,1
0.00167,0.00316,0.00372,2.9e-06,2.46e-06,87.2,0,4,1.14e-06,0.000742
0.262,4.12,0.0308,0.0115,1.53,34,4,2,0.708,0.966
0.00085,0.0237,0.0547,0.00488,0.00212,32.8,0,2,0.000977,0.00557
0.000674,0.0595,0.173,1.02,0.351,1.86,0,0,0.162,0.014
0.000337,0.0292,0.17,0.796,0.137,1.86,0,0,0.0632,0.00685
0.000337,0.0294,0.171,0.834,0.143,1.86,0,0,0.0662,0.0069
0.283,3.44,0.0238,0.0145,2.09,35.6,4,2,1,0.999
0.00167,0.00342,0.00402,4.75e-06,4.04e-06,87.2,0,4,1.93e-06,0.000994
0.00167,0.00268,0.00316,2.08e-06,1.77e-06,87.2,0,4,7.56e-07,0.000676
0.283,3.97,0.0275,0.0162,2.35,27.8,4,1,1,0.999
0.278,4.2,0.0296,0.0322,4.56,17.2,4,1,1,0.999
0.00167,0.00351,0.00412,4.75e-06,4.04e-06,87.2,0,4,8.86e-07,0.000835
0.269,3.91,0.0285,0.0249,3.42,25.8,4,1,0.997,0.949
0.0037,0.117,0.062,0.00185,0.0035,54.2,0,3,0.00102,0.0284
0.00167,0.00361,0.00425,5.02e-06,4.27e-06,87.2,0,4,1.25e-06,0.000877
0.00207,0.0895,0.0849,0.00485,0.00512,39.8,0,2,0.00149,0.0217
0.00167,0.00245,0.00288,1.91e-06,1.63e-06,87.2,0,4,1.16e-06,0.00104
0.242,1.94,0.0157,0.0113,1.39,15.6,4,1,0.991,0.825
0.0333,0.408,0.024,0.000733,0.0125,65.5,1,4,0.00888,0.173
0.00167,0.00326,0.00383,3.18e-06,2.71e-06,87.2,0,4,1.3e-06,0.000894
0.272,3.64,0.0263,0.015,2.08,24.8,4,1,1,0.999
0.00167,0.00279,0.00328,2.26e-06,1.92e-06,87.2,0,4,4.53e-07,0.00058
0.28,4.8,0.0337,0.0297,4.24,20.7,4,1,1,0.999
0.00167,0.00289,0.00339,2.53e-06,2.15e-06,87.2,0,4,4.37e-07,0.000546
0.274,5.28,0.0377,0.0352,4.92,16.4,4,1,1,0.999
0.00167,0.00362,0.00426,4.39e-06,3.74e-06,87.2,0,4,7.59e-07,0.000686
0.265,5.09,0.0377,0.0488,6.6,17.8,4,1,1,0.999
0.00167,0.00392,0.00461,6e-06,5.11e-06,87.2,0,4,7.74e-07,0.00077
0.276,2.85,0.0202,0.0135,1.89,5.48,4,0,1,0.999
0.00167,0.00293,0.00345,3.01e-06,2.56e-06,87.2,0,4,1.35e-06,0.00103
0.00167,0.00244,0.00287,1.73e-06,1.47e-06,87.2,0,4,3.23e-07,0.000436
0.277,5.59,0.0396,0.0322,4.54,31.5,4,2,1,1
0.00167,0.002,0.00235,1.2e-06,1.02e-06,87.2,0,4,3.65e-07,0.000447
0.256,4.38,0.0336,0.021,2.74,24.6,4,1,0.984,0.979
0.00514,0.0656,0.0251,0.0166,0.0436,17.3,0,1,0.0156,0.0147
0.00662,0.0273,0.00809,6.98e-05,0.000236,52.9,0,3,8.46e-05,0.0061
0.00167,0.00234,0.00275,1.55e-06,1.32e-06,87.2,0,4,5.6e-07,0.00041
0.278,5.69,0.0401,0.0166,2.36,41.8,4,2,1,1
0.00167,0.00371,0.00437,4.36e-06,3.71e-06,87.2,0,4,4.37e-06,0.00144
0.279,2.58,0.0181,0.00596,0.848,22.2,4,1,1,0.999
0.00167,0.00125,0.00147,5.62e-07,4.78e-07,87.2,0,4,1.11e-07,0.000233
0.00362,0.0689,0.0374,0.00126,0.00233,33.9,0,2,0.000541,0.0129
0.249,5.23,0.0412,0.0339,4.3,32.6,4,2,0.999,0.977
0.0312,0.0535,0.00336,5.35e-06,8.52e-05,62,1,3,1.98e-05,0.00998
0.275,5.59,0.0399,0.0478,6.7,20.9,4,1,1,0.999
0.00167,0.00355,0.00418,5.05e-06,4.3e-06,87.2,0,4,6.41e-07,0.000635
0.00291,0.00465,0.00313,0.00158,0.00235,15.8,0,1,0.000351,0.00083
0.00167,0.0026,0.00305,1.94e-06,1.65e-06,87.2,0,4,3.91e-07,0.000408
0.268,6.35,0.0464,0.0308,4.22,27.3,4,1,1,0.999
0.00167,0.00339,0.00398,3.8e-06,3.23e-06,87.2,0,4,7.65e-07,0.000533
0.00167,0.00288,0.00339,2.47e-06,2.1e-06,87.2,0,4,4.91e-07,0.000595
0.277,4.84,0.0342,0.0302,4.28,29.8,4,1,1,0.999
0.00167,0.00294,0.00345,2.52e-06,2.15e-06,87.2,0,4,1.85e-06,0.000695
0.273,4.23,0.0303,0.00831,1.16,33.2,4,2,1,0.999
0.276,3.96,0.0282,0.0303,4.25,34.5,4,2,0.568,0.842
0.00167,0.00348,0.00409,4.94e-06,4.2e-06,87.2,0,4,5.61e-07,0.000739
0.0094,0.742,0.155,0.674,3.23,2.49,0,0,0.432,0.158
0.00167,0.00305,0.00359,2.82e-06,2.4e-06,87.2,0,4,1.02e-06,0.000787
0.277,3.88,0.0274,0.0166,2.34,19.6,4,1,1,0.999
0.281,2.74,0.0191,0.0141,2.02,26.2,4,1,1,0.999
0.00167,0.0036,0.00424,5.11e-06,4.35e-06,87.2,0,4,2.15e-06,0.00131
0.286,2.68,0.0184,0.0162,2.37,10.6,4,0,1,0.999
0.00167,0.0038,0.00447,5.82e-06,4.95e-06,87.2,0,4,2.09e-06,0.00141
0.00167,0.00325,0.00383,3.25e-06,2.77e-06,87.2,0,4,1.03e-06,0.00116
0.00167,0.00372,0.00438,5.28e-06,4.49e-06,87.2,0,4,1.67e-06,0.00133
0.277,2.8,0.0198,0.0191,2.69,15.1,4,1,1,0.998
0.00167,0.00161,0.0019,9.06e-07,7.71e-07,87.2,0,4,2.32e-07,0.000397
0.244,3.72,0.0299,0.0247,3.07,14.8,4,0,0.925,0.913
0.00167,0.00326,0.00384,4.15e-06,3.53e-06,87.2,0,4,1.06e-06,0.000801
0.0106,0.0969,0.018,0.000475,0.00256,55.4,0,3,0.000771,0.0238
0.0111,0.253,0.0447,0.0438,0.248,22.3,0,1,0.0747,0.0621
0.27,3.05,0.0221,0.0138,1.9,26.8,4,1,0.993,0.989
0.00167,0.00346,0.00406,4.66e-06,3.96e-06,87.2,0,4,2.07e-06,0.00112
0.00215,0.00298,0.00271,0.000704,0.000773,24.1,0,1,0.000405,0.000964
0.00472,0.0283,0.0117,0.00512,0.0123,20.5,0,1,0.00645,0.00916
0.00167,0.00317,0.00372,3.08e-06,2.62e-06,87.2,0,4,6.68e-07,0.000674
0.267,4.66,0.0343,0.0287,3.91,27.5,4,1,0.998,0.991
0.000496,0.00441,0.0174,0.000228,5.76e-05,42.7,0,2,1.47e-05,0.000938
0.00653,0.0339,0.0102,0.00288,0.00961,21.7,0,1,0.00245,0.0072
0.00167,0.00317,0.00373,3.12e-06,2.65e-06,87.2,0,4,9.71e-07,0.000853
0.277,3.56,0.0253,0.0179,2.53,19.4,4,1,0.927,0.959
0.00167,0.00358,0.00421,4.61e-06,3.93e-06,87.2,0,4,1.44e-06,0.000964
0.00365,0.113,0.0606,0.106,0.198,9.58,0,0,0.0724,0.0304
0.00169,0.0339,0.0394,0.00128,0.00111,44.2,0,2,0.000406,0.00913
0.00167,0.0026,0.00306,2e-06,1.7e-06,87.2,0,4,5.83e-07,0.000543
0.282,4.79,0.0333,0.0202,2.91,36.9,4,2,1,0.999
0.000162,0.000215,0.0026,4.55e-06,3.77e-07,61.2,0,3,1.29e-07,4.49e-05
0.00167,0.00231,0.00272,1.62e-06,1.38e-06,87.2,0,4,9.62e-07,0.000529
0.275,4.37,0.0312,0.0102,1.43,29.5,4,1,0.998,0.998
0.000316,0.00593,0.0368,0.0137,0.00221,20.4,0,1,0.00154,0.00135
0.249,2.88,0.0227,0.0108,1.37,42.6,4,2,0.591,0.812
0.00167,0.00378,0.00445,5.51e-06,4.69e-06,87.2,0,4,2.01e-06,0.00107
0.00502,0.0228,0.0089,0.000969,0.00248,28.2,0,1,0.00107,0.00644
0.0204,0.637,0.0613,0.0913,0.949,23.2,1,1,0.408,0.18
0.00167,0.00244,0.00287,1.91e-06,1.63e-06,87.2,0,4,3.34e-07,0.000478
0.276,5.08,0.0361,0.0346,4.87,8.9,4,0,1,0.997
0.00167,0.00372,0.00437,5.48e-06,4.67e-06,87.2,0,4,9.59e-07,0.00073
0.000233,0.00843,0.071,0.00246,0.000292,46.4,0,3,6e-05,0.00165
0.00167,0.00227,0.00266,1.7e-06,1.45e-06,87.2,0,4,8.43e-07,0.000816
0.00167,0.00323,0.0038,3.69e-06,3.14e-06,87.2,0,4,1.83e-06,0.00116
0.00128,0.0503,0.0769,0.00466,0.00305,40.4,0,2,0.00177,0.0181
0.268,2.72,0.0199,0.0125,1.71,7.87,4,0,0.998,0.98
0.00167,0.00171,0.00201,9e-07,7.66e-07,87.2,0,4,2.2e-07,0.000324
0.256,4.94,0.0379,0.0266,3.47,39,4,2,0.996,0.936
0.00117,0.0172,0.0288,0.00135,0.000808,29.6,0,1,0.000232,0.00326
0.0213,0.319,0.0294,0.00121,0.0131,39.1,1,2,0.00377,0.0604
