A,O,T,mac,meanlat,meanmac,meanwhak,minlat,n,p,perimeter,q,r,whak
8.507e11,409200.0,221.0,98.6,-87.16,1.159e-10,9.474e-14,87.16,1,-1,2.618e6,1.728e-10,147.0,0.08059
3.192e12,387800.0,229.9,492.0,-65.61,1.541e-10,2.523e-13,57.52,1,-1,9.768e6,2.03e-10,648.1,0.8053
5.008e13,644700.0,279.6,85310.0,18.84,1.703e-9,2.141e-9,1.856,1,-1,7.854e7,7.513e-9,376200.0,107200.0
8.507e11,409200.0,223.3,103.5,87.16,1.216e-10,1.163e-13,87.16,1,-1,2.618e6,1.725e-10,146.7,0.09893
9.067e11,396300.0,282.0,458.1,-28.39,5.053e-10,6.913e-11,24.12,1,-1,4.69e6,6.129e-10,555.7,62.68
4.112e12,456800.0,268.4,2857.0,-35.75,6.948e-10,2.822e-11,20.41,1,-1,1.046e7,1.695e-9,6969.0,116.0
1.783e13,520600.0,247.0,18630.0,54.95,1.045e-9,7.394e-11,27.83,1,-1,3.771e7,2.951e-9,52620.0,1318.0
1.103e11,267400.0,244.8,27.4,-50.1,2.483e-10,1.368e-12,50.1,1,-1,1.363e6,2.947e-10,32.52,0.151
1.016e11,246200.0,240.6,14.01,-53.81,1.379e-10,5.06e-13,53.81,1,-1,1.319e6,1.58e-10,16.05,0.0514
2.151e12,450300.0,286.4,337.5,-26.4,1.569e-10,3.321e-11,20.41,1,-1,7.032e6,1.712e-10,368.2,71.43
8.425e11,409700.0,294.3,2983.0,11.49,3.541e-9,4.129e-9,9.278,1,-1,4.112e6,1.016e-8,8560.0,3479.0
8.325e11,404800.0,296.0,18.61,-14.46,2.235e-11,1.202e-11,12.99,1,-1,4.087e6,2.372e-11,19.74,10.01
9.548e11,394700.0,290.6,1313.0,22.24,1.375e-9,6.187e-10,20.41,1,-1,4.745e6,2.103e-9,2008.0,590.8
1.727e13,633500.0,278.3,6673.0,-29.39,3.864e-10,1.415e-10,9.278,1,-1,2.703e7,7.489e-10,12930.0,2443.0
1.69e12,410800.0,288.0,308.1,26.35,1.823e-10,5.364e-11,20.41,1,-1,6.299e6,1.997e-10,337.5,90.63
3.796e12,455200.0,290.3,2076.0,21.71,5.47e-10,2.985e-10,12.99,1,-1,1.129e7,7.522e-10,2855.0,1133.0
1.367e12,419100.0,284.9,398.2,27.75,2.913e-10,5.231e-11,24.12,1,-1,4.698e6,3.273e-10,447.5,71.53
1.309e13,462400.0,222.4,1429.0,-72.75,1.092e-10,1.159e-13,50.1,2,-1,2.863e7,1.528e-10,2000.0,1.516
1.376e13,658400.0,272.5,10850.0,37.18,7.89e-10,5.198e-11,20.41,2,-1,1.948e7,1.695e-9,23320.0,715.0
8.507e11,409200.0,225.2,117.8,87.16,1.385e-10,1.552e-13,87.16,2,-1,2.618e6,1.943e-10,165.3,0.132
4.952e13,703000.0,274.3,60220.0,16.97,1.216e-9,7.898e-10,1.856,2,-1,6.905e7,3.862e-9,191200.0,39110.0
2.031e11,246200.0,244.1,29.32,-53.81,1.443e-10,7.14e-13,53.81,2,-1,1.805e6,1.634e-10,33.19,0.145
5.159e11,412700.0,293.4,2702.0,-0.6185,5.237e-9,2.163e-8,1.856,2,-1,3.333e6,5.948e-8,30680.0,11160.0
1.193e12,412300.0,295.7,3816.0,-7.68,3.199e-9,6.993e-9,5.567,2,-1,4.965e6,1.713e-8,20440.0,8341.0
2.778e12,345700.0,252.2,5389.0,49.52,1.94e-9,1.527e-10,38.97,2,-1,1.355e7,7.465e-9,20730.0,424.2
1.186e12,434600.0,295.7,1792.0,-9.791,1.512e-9,1.715e-9,5.567,2,-1,5.782e6,3.774e-9,4474.0,2033.0
4.021e12,387400.0,262.4,3252.0,-39.16,8.088e-10,4.282e-11,27.83,2,-1,1.373e7,1.976e-9,7946.0,172.2
1.197e12,436800.0,294.2,5586.0,5.553,4.666e-9,1.733e-8,1.856,2,-1,4.983e6,4.702e-8,56300.0,20750.0
1.782e13,736800.0,267.4,22420.0,39.88,1.258e-9,9.325e-11,20.41,2,-1,2.324e7,4.083e-9,72750.0,1661.0
5.151e11,412700.0,293.1,2782.0,3.089,5.401e-9,2.906e-8,1.856,2,-1,3.331e6,8.117e-8,41810.0,14970.0
2.452e12,419500.0,284.0,714.9,-26.51,2.915e-10,4.6e-11,16.7,2,-1,8.556e6,3.503e-10,858.9,112.8
4.972e11,401700.0,294.8,218.2,-15.45,4.388e-10,2.197e-10,12.99,2,-1,3.269e6,5.057e-10,251.5,109.2
8.507e11,409200.0,218.3,77.69,-87.16,9.133e-11,5.831e-14,87.16,3,-1,2.618e6,1.357e-10,115.4,0.0496
2.485e13,586800.0,291.3,48800.0,-5.179,1.964e-9,2.924e-9,1.856,3,-1,4.746e7,8.543e-9,212300.0,72660.0
5.959e12,415300.0,229.6,1652.0,74.0,2.772e-10,1.065e-12,61.23,3,-1,1.389e7,5.084e-10,3029.0,6.344
1.001e13,538400.0,247.6,8162.0,-47.34,8.153e-10,3.882e-11,27.83,3,-1,1.727e7,2.155e-9,21580.0,388.7
1.103e11,267400.0,253.4,264.7,50.1,2.398e-9,8.737e-11,50.1,3,-1,1.363e6,8.61e-9,950.1,9.641
6.365e11,385700.0,290.4,75.04,22.24,1.179e-10,3.597e-11,20.41,3,-1,3.206e6,1.272e-10,80.97,22.9
2.702e12,440700.0,290.4,1205.0,21.46,4.46e-10,2.157e-10,12.99,3,-1,8.056e6,5.699e-10,1540.0,582.6
1.464e12,353400.0,241.4,310.9,-52.19,2.124e-10,1.042e-12,46.39,3,-1,5.818e6,2.534e-10,370.9,1.525
3.07e12,524500.0,295.5,6610.0,-5.941,2.153e-9,5.192e-9,1.856,3,-1,8.283e6,1.37e-8,42060.0,15940.0
2.336e12,358800.0,242.9,3035.0,59.23,1.299e-9,2.319e-11,50.1,3,-1,8.616e6,4.234e-9,9889.0,54.18
7.496e12,621400.0,288.9,4551.0,23.64,6.072e-10,5.531e-10,9.278,3,-1,1.413e7,1.393e-9,10440.0,4146.0
2.675e11,324200.0,259.3,779.2,-38.97,2.913e-9,1.843e-10,38.97,3,-1,2.123e6,1.088e-8,2911.0,49.3
2.87e13,891300.0,289.3,47080.0,-8.451,1.641e-9,2.083e-9,1.856,3,-1,3.242e7,5.707e-9,163800.0,59770.0
2.175e13,954300.0,285.9,44390.0,19.56,2.041e-9,4.079e-9,1.856,3,-1,2.103e7,1.238e-8,269200.0,88720.0
5.186e12,461200.0,236.2,1067.0,-55.27,2.057e-10,1.014e-12,42.68,3,-1,1.139e7,2.59e-10,1343.0,5.261
1.338e11,324200.0,266.9,320.5,38.97,2.396e-9,1.695e-10,38.97,3,-1,1.478e6,4.984e-9,666.6,22.67
5.761e13,670500.0,255.6,41960.0,-42.68,7.282e-10,8.377e-10,1.856,4,-1,8.035e7,2.815e-9,162200.0,48260.0
5.421e12,482600.0,288.1,11200.0,19.36,2.066e-9,3.712e-9,5.567,4,-1,1.371e7,1.067e-8,57850.0,20120.0
8.507e11,409200.0,225.6,121.3,87.16,1.426e-10,1.645e-13,87.16,4,-1,2.618e6,2.0e-10,170.2,0.1399
7.504e12,576600.0,285.3,3988.0,-24.96,5.315e-10,3.188e-10,5.567,4,-1,1.496e7,1.119e-9,8394.0,2392.0
6.52e11,395100.0,291.1,415.0,18.54,6.364e-10,2.353e-10,16.7,4,-1,3.244e6,7.628e-10,497.4,153.4
1.558e12,351100.0,239.6,1178.0,64.11,7.561e-10,4.712e-12,61.23,4,-1,5.688e6,1.513e-9,2357.0,7.342
3.14e11,380600.0,289.0,118.9,24.12,3.786e-10,1.077e-10,24.12,4,-1,2.352e6,4.305e-10,135.2,33.82
1.739e12,346900.0,225.2,218.8,-67.39,1.258e-10,1.43e-13,61.23,4,-1,6.016e6,1.73e-10,300.7,0.2486
1.698e11,411500.0,295.4,291.3,-9.278,1.716e-9,1.139e-9,9.278,4,-1,1.656e6,2.562e-9,435.0,193.4
1.889e12,460300.0,292.8,9244.0,0.1689,4.895e-9,1.325e-8,1.856,4,-1,6.655e6,3.879e-8,73250.0,25020.0
5.152e12,467300.0,287.6,8057.0,21.8,1.564e-9,1.702e-9,9.278,4,-1,1.362e7,4.545e-9,23420.0,8766.0
1.025e12,381300.0,280.0,1011.0,31.46,9.86e-10,1.295e-10,27.83,4,-1,4.619e6,1.422e-9,1458.0,132.7
3.06e13,752900.0,282.9,58210.0,18.99,1.902e-9,2.461e-9,1.856,4,-1,3.941e7,8.5e-9,260100.0,75320.0
1.536e13,524600.0,221.9,1546.0,-70.11,1.007e-10,1.303e-13,50.1,5,-1,3.158e7,1.381e-10,2120.0,2.0
2.187e13,677500.0,291.5,42360.0,-4.455,1.936e-9,3.082e-9,1.856,5,-1,3.342e7,9.839e-9,215200.0,67420.0
4.226e13,580300.0,250.2,54970.0,51.49,1.301e-9,3.819e-10,1.856,5,-1,7.681e7,4.851e-9,205000.0,16140.0
5.827e12,564700.0,288.7,4201.0,22.11,7.209e-10,8.003e-10,5.567,5,-1,1.271e7,2.493e-9,14520.0,4663.0
3.71e12,495600.0,245.1,1693.0,-46.96,4.565e-10,9.297e-12,38.97,5,-1,8.522e6,8.936e-10,3315.0,34.49
6.274e11,380200.0,285.4,75.61,-24.07,1.205e-10,2.346e-11,20.41,5,-1,4.017e6,1.303e-10,81.74,14.72
3.225e11,390800.0,289.6,45.03,-20.41,1.396e-10,3.972e-11,20.41,5,-1,2.394e6,1.514e-10,48.84,12.81
1.57e11,380600.0,284.9,43.26,-24.12,2.755e-10,5.281e-11,24.12,5,-1,1.593e6,3.058e-10,48.01,8.292
1.041e13,539500.0,292.0,45980.0,3.324,4.417e-9,1.2e-8,1.856,5,-1,2.234e7,3.884e-8,404300.0,124900.0
3.879e11,235000.0,236.2,58.07,-55.58,1.497e-10,3.919e-13,53.81,5,-1,2.593e6,1.791e-10,69.48,0.152
1.338e11,324200.0,262.3,474.8,38.97,3.549e-9,4.17e-10,38.97,5,-1,1.478e6,1.852e-8,2478.0,55.78
4.011e12,532900.0,282.7,576.5,-25.84,1.437e-10,2.383e-11,20.41,5,-1,8.532e6,1.573e-10,630.8,95.6
1.79e12,346100.0,254.6,4696.0,45.47,2.624e-9,1.535e-10,38.97,5,-1,7.626e6,1.137e-8,20350.0,274.7
1.187e11,287600.0,247.9,21.31,-46.39,1.796e-10,1.254e-12,46.39,5,-1,1.404e6,2.034e-10,24.14,0.1488
1.705e12,377000.0,219.4,189.3,-84.29,1.11e-10,8.331e-14,76.07,6,-1,6.094e6,1.754e-10,299.0,0.142
5.03e13,599300.0,250.2,52360.0,50.94,1.041e-9,2.168e-10,5.567,6,-1,7.851e7,3.436e-9,172800.0,10900.0
7.048e12,540700.0,267.0,9967.0,-35.53,1.414e-9,8.639e-11,24.12,6,-1,1.435e7,4.464e-9,31460.0,608.9
1.889e12,444900.0,291.8,9620.0,-0.1689,5.094e-9,1.685e-8,1.856,6,-1,6.655e6,5.354e-8,101100.0,31830.0
2.799e13,611100.0,281.1,44090.0,-21.84,1.575e-9,2.352e-9,1.856,6,-1,4.797e7,8.024e-9,224600.0,65830.0
1.309e13,447800.0,281.1,17880.0,26.24,1.366e-9,2.009e-9,1.856,6,-1,3.693e7,7.057e-9,92340.0,26280.0
1.538e12,345100.0,236.1,195.2,-52.98,1.269e-10,3.604e-13,46.39,6,-1,5.751e6,1.491e-10,229.4,0.5544
1.676e11,406300.0,294.7,178.9,-12.99,1.067e-9,5.737e-10,12.99,6,-1,1.646e6,1.378e-9,231.1,96.18
1.265e11,306500.0,250.4,50.6,-42.68,4.001e-10,3.759e-12,42.68,6,-1,1.442e6,4.878e-10,61.7,0.4755
1.714e12,447100.0,293.8,5657.0,-3.701,3.299e-9,6.93e-9,1.856,6,-1,6.652e6,2.027e-8,34750.0,11880.0
1.508e12,376200.0,255.8,4028.0,-42.86,2.67e-9,1.387e-10,38.97,6,-1,5.516e6,1.089e-8,16430.0,209.2
1.362e12,414300.0,283.7,780.9,28.18,5.732e-10,1.085e-10,24.12,6,-1,5.422e6,6.963e-10,948.7,147.9
2.402e12,479100.0,291.4,12220.0,2.376,5.085e-9,1.741e-8,1.856,6,-1,7.482e6,5.7e-8,136900.0,41810.0
6.176e13,664100.0,258.9,65750.0,-35.0,1.064e-9,1.526e-9,1.856,7,-1,7.929e7,5.077e-9,313600.0,94280.0
1.737e12,333000.0,234.2,746.5,66.46,4.297e-10,1.976e-12,61.23,7,-1,6.09e6,8.523e-10,1481.0,3.433
8.507e11,409200.0,225.1,103.8,87.16,1.22e-10,1.302e-13,87.16,7,-1,2.618e6,1.653e-10,140.6,0.1108
3.509e12,434100.0,240.1,2040.0,-49.22,5.813e-10,1.97e-11,38.97,7,-1,8.958e6,1.769e-9,6207.0,69.1
1.709e12,446600.0,292.4,5895.0,5.165,3.45e-9,6.835e-9,1.856,7,-1,6.645e6,2.143e-8,36620.0,11680.0
1.187e11,287600.0,253.7,293.9,46.39,2.477e-9,9.759e-11,46.39,7,-1,1.404e6,9.371e-9,1112.0,11.58
1.774e13,540900.0,285.7,32510.0,-13.67,1.833e-9,3.059e-9,1.856,7,-1,3.82e7,9.677e-9,171700.0,54260.0
3.638e11,293900.0,256.6,1060.0,45.1,2.912e-9,1.822e-10,42.68,7,-1,2.826e6,1.336e-8,4860.0,66.27
2.816e12,431700.0,233.7,434.4,-53.51,1.543e-10,4.155e-13,46.39,7,-1,7.515e6,1.895e-10,533.7,1.17
1.338e11,324200.0,267.9,440.7,38.97,3.295e-9,3.896e-10,38.97,7,-1,1.478e6,1.04e-8,1391.0,52.12
7.956e12,574700.0,287.5,6018.0,23.63,7.565e-10,8.568e-10,5.567,7,-1,1.636e7,2.57e-9,20440.0,6816.0
2.354e12,461400.0,295.1,2282.0,-11.33,9.694e-10,1.265e-9,5.567,7,-1,7.417e6,3.024e-9,7118.0,2977.0
1.103e12,271000.0,229.9,166.4,71.72,1.508e-10,2.411e-13,68.65,7,-1,5.372e6,1.974e-10,217.8,0.2661
6.186e12,478600.0,273.1,7057.0,32.14,1.141e-9,1.693e-10,12.99,7,-1,1.505e7,3.356e-9,20760.0,1048.0
1.676e11,406300.0,296.0,5.222,-12.99,3.115e-11,1.557e-11,12.99,7,-1,1.646e6,3.307e-11,5.544,2.61
1.355e12,432200.0,294.5,3389.0,9.717,2.502e-9,4.115e-9,5.567,7,-1,4.956e6,1.084e-8,14680.0,5574.0
2.589e12,416000.0,266.7,5439.0,37.15,2.101e-9,1.48e-10,27.83,7,-1,8.689e6,6.813e-9,17640.0,383.2
3.674e12,399500.0,218.5,350.0,-78.6,9.527e-11,6.591e-14,68.65,8,-1,8.895e6,1.431e-10,525.8,0.2422
3.826e13,552000.0,286.9,55600.0,12.5,1.453e-9,1.887e-9,1.856,8,-1,7.401e7,5.908e-9,226000.0,72180.0
8.507e11,409200.0,221.6,78.23,87.16,9.197e-11,7.191e-14,87.16,8,-1,2.618e6,1.249e-10,106.2,0.06117
1.213e13,610200.0,292.5,31180.0,5.008,2.571e-9,3.142e-9,1.856,8,-1,2.127e7,9.643e-9,116900.0,38100.0
2.903e12,417400.0,229.1,415.6,71.08,1.431e-10,2.25e-13,64.94,8,-1,7.773e6,1.87e-10,542.9,0.6532
1.074e12,402200.0,280.6,293.7,-26.71,2.734e-10,3.154e-11,24.12,8,-1,5.475e6,3.107e-10,333.7,33.87
1.656e11,200700.0,233.5,19.58,-61.23,1.183e-10,2.365e-13,61.23,8,-1,1.62e6,1.404e-10,23.24,0.03916
1.676e11,406300.0,292.7,286.5,12.99,1.709e-9,8.909e-10,12.99,8,-1,1.646e6,2.552e-9,427.9,149.4
2.538e12,423500.0,274.8,3075.0,34.34,1.211e-9,1.038e-10,24.12,8,-1,8.379e6,1.983e-9,5033.0,263.5
5.913e12,428700.0,248.9,4491.0,-44.61,7.595e-10,3.113e-11,31.54,8,-1,1.762e7,2.285e-9,13510.0,184.1
1.106e12,382800.0,285.2,112.9,-22.95,1.021e-10,2.413e-11,16.7,8,-1,5.626e6,1.104e-10,122.1,26.67
1.676e11,406300.0,292.1,17.81,-12.99,1.062e-10,3.777e-11,12.99,8,-1,1.646e6,1.143e-10,19.16,6.332
1.154e12,391800.0,277.3,2157.0,32.86,1.869e-9,2.591e-10,27.83,8,-1,5.268e6,3.307e-9,3817.0,299.0
2.886e13,594000.0,278.6,55030.0,16.66,1.907e-9,2.794e-9,1.856,8,-1,4.92e7,9.039e-9,260800.0,80630.0
7.632e12,561500.0,230.7,1933.0,65.77,2.532e-10,2.491e-12,53.81,8,-1,1.354e7,6.867e-10,5241.0,19.02
6.045e12,414800.0,242.4,3562.0,-50.3,5.893e-10,2.035e-11,35.26,8,-1,1.694e7,1.167e-9,7055.0,123.0
4.454e13,669700.0,257.9,42580.0,-40.44,9.559e-10,1.263e-9,1.856,9,-1,6.521e7,3.731e-9,166200.0,56260.0
8.507e11,409200.0,224.6,108.6,87.16,1.277e-10,1.343e-13,87.16,9,-1,2.618e6,1.771e-10,150.7,0.1142
6.727e11,409200.0,297.1,158.9,-12.05,2.362e-10,1.479e-10,9.278,9,-1,4.108e6,2.705e-10,182.0,99.46
2.932e11,355300.0,276.2,604.4,31.54,2.061e-9,2.827e-10,31.54,9,-1,2.25e6,3.598e-9,1055.0,82.9
5.803e11,366000.0,276.3,833.4,32.44,1.436e-9,1.638e-10,31.54,9,-1,3.775e6,2.424e-9,1407.0,95.05
5.468e12,608500.0,294.1,7717.0,-14.05,1.411e-9,4.007e-9,1.856,9,-1,1.059e7,1.104e-8,60380.0,21910.0
1.252e11,151800.0,234.8,29.95,68.65,2.392e-10,6.004e-13,68.65,9,-1,1.421e6,3.169e-10,39.69,0.07518
2.451e11,297100.0,256.3,707.3,44.47,2.885e-9,1.773e-10,42.68,9,-1,2.256e6,1.314e-8,3221.0,43.46
8.197e11,397300.0,294.6,206.9,17.4,2.525e-10,1.255e-10,12.99,9,-1,4.084e6,2.818e-10,231.0,102.9
1.568e13,630300.0,292.5,23730.0,-4.49,1.513e-9,2.376e-9,1.856,9,-1,2.577e7,6.241e-9,97870.0,37260.0
4.156e13,651400.0,271.6,64180.0,25.59,1.544e-9,1.371e-9,1.856,9,-1,5.858e7,5.463e-9,227000.0,56990.0
8.425e11,409700.0,294.6,1614.0,11.49,1.916e-9,1.428e-9,9.278,9,-1,4.112e6,3.438e-9,2896.0,1203.0
1.612e11,390800.0,292.7,26.17,-20.41,1.623e-10,6.161e-11,20.41,9,-1,1.614e6,1.763e-10,28.43,9.933
2.38e12,401200.0,243.2,658.6,-50.67,2.767e-10,1.758e-12,46.39,9,-1,7.505e6,3.404e-10,810.2,4.185
8.232e11,401700.0,293.7,309.6,16.67,3.76e-10,1.733e-10,12.99,9,-1,4.891e6,4.34e-10,357.3,142.7
4.454e13,618400.0,247.9,36170.0,-48.39,8.12e-10,6.118e-10,1.856,10,-1,6.256e7,3.235e-9,144100.0,27250.0
3.507e13,579300.0,253.4,38880.0,49.97,1.109e-9,4.546e-11,16.7,10,-1,5.476e7,3.344e-9,117300.0,1594.0
8.507e11,409200.0,223.6,102.1,87.16,1.2e-10,1.157e-13,87.16,10,-1,2.618e6,1.68e-10,142.9,0.09842
1.225e12,393600.0,285.0,387.1,26.79,3.161e-10,5.891e-11,20.41,10,-1,5.544e6,3.613e-10,442.6,72.16
7.795e11,377900.0,287.2,189.7,-24.8,2.434e-10,5.905e-11,20.41,10,-1,4.004e6,2.686e-10,209.4,46.04
2.634e13,581200.0,284.1,39460.0,-20.22,1.498e-9,2.544e-9,1.856,10,-1,4.539e7,7.683e-9,202400.0,67000.0
1.554e12,430700.0,287.0,596.8,25.14,3.841e-10,1.089e-10,20.41,10,-1,6.339e6,4.461e-10,693.0,169.2
8.278e10,200600.0,239.5,62.43,61.23,7.541e-10,4.269e-12,61.23,10,-1,1.227e6,1.483e-9,122.8,0.3534
4.068e12,498400.0,294.9,9341.0,-8.924,2.296e-9,5.504e-9,1.856,10,-1,1.235e7,1.543e-8,62780.0,22390.0
3.793e12,498900.0,291.4,8072.0,14.87,2.128e-9,3.926e-9,1.856,10,-1,1.065e7,1.17e-8,44380.0,14890.0
5.736e13,587200.0,267.4,64710.0,-24.24,1.128e-9,9.025e-10,1.856,11,-1,8.644e7,3.681e-9,211200.0,51770.0
1.888e13,574800.0,237.7,15650.0,61.43,8.291e-10,3.714e-11,27.83,11,-1,3.031e7,2.837e-9,53570.0,701.2
1.676e11,406300.0,296.0,107.9,-12.99,6.435e-10,3.589e-10,12.99,11,-1,1.646e6,7.634e-10,128.0,60.17
8.301e11,334700.0,248.1,1384.0,52.82,1.667e-9,3.222e-11,50.1,11,-1,4.623e6,4.92e-9,4084.0,26.75
1.836e13,491700.0,268.2,23940.0,-28.49,1.304e-9,1.85e-9,1.856,11,-1,4.199e7,5.431e-9,99680.0,33960.0
1.338e11,324200.0,263.0,450.9,38.97,3.371e-9,3.36e-10,38.97,11,-1,1.478e6,1.401e-8,1874.0,44.94
7.441e11,372200.0,279.7,628.9,30.03,8.452e-10,1.084e-10,27.83,11,-1,3.817e6,1.102e-9,820.2,80.65
4.355e12,555600.0,286.5,1030.0,-24.57,2.365e-10,7.091e-11,12.99,11,-1,1.021e7,2.668e-10,1162.0,308.8
4.174e12,557000.0,294.1,8039.0,12.89,1.926e-9,4.104e-9,1.856,11,-1,1.062e7,1.148e-8,47930.0,17130.0
2.834e12,421400.0,261.6,8599.0,41.05,3.034e-9,2.628e-10,35.26,11,-1,8.53e6,1.184e-8,33560.0,744.9
1.57e11,380600.0,285.7,14.55,-24.12,9.267e-11,1.838e-11,24.12,11,-1,1.593e6,9.948e-11,15.62,2.886
3.261e12,505000.0,293.0,13950.0,-2.042,4.277e-9,1.657e-8,1.856,11,-1,9.144e6,5.072e-8,165400.0,54050.0
1.652e12,436100.0,294.5,721.9,15.92,4.369e-10,2.318e-10,12.99,11,-1,5.698e6,5.255e-10,868.3,383.0
8.507e11,409200.0,219.4,88.37,-87.16,1.039e-10,7.417e-14,87.16,12,-1,2.618e6,1.568e-10,133.3,0.06309
1.118e13,596900.0,292.5,28000.0,8.966,2.504e-9,3.564e-9,1.856,12,-1,2.193e7,1.025e-8,114600.0,39850.0
2.557e13,594300.0,243.2,23680.0,58.62,9.261e-10,6.33e-11,16.7,12,-1,4.599e7,3.572e-9,91340.0,1619.0
1.656e11,200600.0,241.8,117.8,61.23,7.114e-10,4.287e-12,61.23,12,-1,1.62e6,1.208e-9,200.1,0.7098
9.237e10,223900.0,244.8,100.0,57.52,1.083e-9,1.023e-11,57.52,12,-1,1.274e6,2.202e-9,203.4,0.9452
1.166e13,491600.0,256.8,6460.0,-43.2,5.54e-10,4.785e-11,12.99,12,-1,2.225e7,1.216e-9,14180.0,557.9
3.805e12,390600.0,252.2,8936.0,49.13,2.348e-9,9.66e-11,42.68,12,-1,1.214e7,9.511e-9,36190.0,367.6
6.161e12,531500.0,293.5,14310.0,13.47,2.323e-9,4.031e-9,1.856,12,-1,1.385e7,1.097e-8,67570.0,24830.0
4.778e12,548000.0,293.6,15250.0,1.837,3.192e-9,4.982e-9,1.856,12,-1,1.076e7,1.448e-8,69190.0,23800.0
1.85e12,369000.0,236.0,328.4,-58.67,1.775e-10,4.921e-13,53.81,12,-1,5.844e6,2.204e-10,407.7,0.9105
4.778e12,461300.0,278.3,6475.0,-27.06,1.355e-9,1.342e-9,5.567,12,-1,1.394e7,5.002e-9,23900.0,6412.0
1.648e11,399400.0,295.8,53.43,16.7,3.242e-10,1.671e-10,16.7,12,-1,1.632e6,3.625e-10,59.73,27.53
1.082e12,328600.0,255.2,2944.0,45.36,2.721e-9,1.665e-10,38.97,12,-1,5.627e6,1.255e-8,13580.0,180.2
3.626e13,616400.0,286.1,29120.0,3.876,8.033e-10,5.479e-10,1.856,12,-1,5.949e7,2.05e-9,74320.0,19860.0
1.648e11,399400.0,294.7,96.03,16.7,5.828e-10,2.844e-10,16.7,12,-1,1.632e6,6.835e-10,112.6,46.86
4.446e12,448700.0,220.3,508.7,-78.75,1.144e-10,9.403e-14,68.65,13,-1,9.676e6,1.742e-10,774.6,0.4181
2.385e13,582700.0,286.7,48980.0,-14.42,2.054e-9,3.706e-9,1.856,13,-1,4.443e7,1.158e-8,276200.0,88380.0
6.359e13,588100.0,273.4,87390.0,24.9,1.374e-9,1.442e-9,1.856,13,-1,9.851e7,5.006e-9,318300.0,91700.0
8.278e10,200600.0,241.1,73.07,61.23,8.827e-10,6.084e-12,61.23,13,-1,1.227e6,1.815e-9,150.2,0.5036
3.642e11,294300.0,237.4,237.1,64.94,6.508e-10,3.042e-12,64.94,13,-1,2.554e6,1.268e-9,461.7,1.108
1.645e12,381300.0,242.0,320.0,-50.17,1.946e-10,9.388e-13,46.39,13,-1,5.643e6,2.289e-10,376.5,1.544
1.262e13,606300.0,291.2,28160.0,13.63,2.231e-9,3.372e-9,1.856,13,-1,2.267e7,9.823e-9,124000.0,42570.0
1.145e12,341600.0,262.3,3227.0,42.15,2.82e-9,1.982e-10,38.97,13,-1,5.574e6,8.911e-9,10200.0,226.8
1.466e11,355300.0,281.2,34.49,31.54,2.352e-10,3.204e-11,31.54,13,-1,1.542e6,2.593e-10,38.02,4.697
1.564e12,407600.0,287.7,1456.0,24.44,9.308e-10,3.128e-10,20.41,13,-1,6.279e6,1.364e-9,2133.0,489.2
1.202e12,437400.0,291.8,6301.0,1.851,5.241e-9,1.978e-8,1.856,13,-1,4.994e6,6.167e-8,74140.0,23780.0
5.35e11,368400.0,263.3,1575.0,38.97,2.943e-9,2.226e-10,38.97,13,-1,3.411e6,9.174e-9,4909.0,119.1
1.494e12,375300.0,264.7,2604.0,-37.35,1.743e-9,8.756e-11,27.83,13,-1,6.75e6,4.937e-9,7376.0,130.8
3.638e11,293900.0,250.5,583.5,-45.1,1.604e-9,5.243e-11,42.68,13,-1,2.826e6,6.076e-9,2211.0,19.07
8.507e11,409200.0,220.3,98.71,-87.16,1.16e-10,9.131e-14,87.16,14,-1,2.618e6,1.775e-10,151.0,0.07768
9.51e13,729600.0,275.5,105600.0,9.997,1.111e-9,1.076e-9,1.856,14,-1,1.325e8,4.031e-9,383300.0,102300.0
4.838e12,423000.0,225.6,685.4,78.2,1.416e-10,1.693e-13,64.94,14,-1,1.257e7,2.017e-10,975.9,0.8193
5.307e12,558100.0,292.5,25180.0,-1.711,4.745e-9,1.423e-8,1.856,14,-1,1.161e7,4.261e-8,226100.0,75530.0
9.576e11,329500.0,248.8,2008.0,51.61,2.097e-9,6.494e-11,46.39,14,-1,5.52e6,9.065e-9,8680.0,62.19
1.612e11,390800.0,291.9,35.56,-20.41,2.205e-10,7.819e-11,20.41,14,-1,1.614e6,2.421e-10,39.03,12.61
1.209e12,370300.0,284.1,425.5,28.15,3.52e-10,6.331e-11,24.12,14,-1,5.543e6,4.057e-10,490.5,76.55
1.57e11,380600.0,287.9,82.41,-24.12,5.249e-10,1.38e-10,24.12,14,-1,1.593e6,6.098e-10,95.75,21.66
4.825e11,323600.0,257.6,1268.0,45.42,2.628e-9,1.288e-10,42.68,14,-1,3.396e6,8.962e-9,4324.0,62.15
8.205e11,287500.0,248.9,1660.0,53.15,2.023e-9,6.25e-11,50.1,14,-1,5.454e6,8.078e-9,6628.0,51.28
3.698e12,426000.0,258.0,5110.0,-42.99,1.382e-9,6.429e-11,27.83,14,-1,1.147e7,3.976e-9,14700.0,237.7
1.035e12,358500.0,283.1,670.0,30.34,6.47e-10,9.874e-11,24.12,14,-1,4.757e6,8.694e-10,900.2,102.2
4.392e11,354800.0,275.9,451.7,-31.45,1.028e-9,8.707e-11,27.83,14,-1,3.207e6,1.663e-9,730.4,38.24
4.235e12,398900.0,218.9,400.4,-77.04,9.456e-11,6.824e-14,64.94,15,-1,9.957e6,1.398e-10,592.1,0.289
4.484e12,446400.0,235.3,1310.0,-53.96,2.922e-10,6.681e-12,38.97,15,-1,1.16e7,7.016e-10,3145.0,29.95
3.712e13,545900.0,280.1,54430.0,24.15,1.466e-9,2.131e-9,1.856,15,-1,7.208e7,7.038e-9,261200.0,79100.0
8.507e11,409200.0,226.2,117.1,87.16,1.377e-10,1.637e-13,87.16,15,-1,2.618e6,1.883e-10,160.2,0.1392
6.87e11,322600.0,246.6,136.3,-48.18,1.984e-10,1.326e-12,46.39,15,-1,3.864e6,2.281e-10,156.7,0.911
1.212e13,610200.0,282.4,15780.0,-20.01,1.303e-9,1.851e-9,1.856,15,-1,2.438e7,5.51e-9,66770.0,22430.0
1.5e13,623600.0,288.2,42970.0,16.89,2.864e-9,7.141e-9,1.856,15,-1,2.596e7,2.14e-8,321100.0,107200.0
1.131e13,563100.0,243.2,10100.0,-47.52,8.927e-10,4.105e-11,31.54,15,-1,2.208e7,2.509e-9,28390.0,464.4
7.231e12,533500.0,288.4,9039.0,21.92,1.25e-9,9.338e-10,9.278,15,-1,1.586e7,2.905e-9,21010.0,6753.0
1.954e13,558500.0,271.7,35250.0,-28.37,1.804e-9,2.944e-9,1.856,15,-1,3.949e7,1.199e-8,234200.0,57520.0
7.427e11,320800.0,258.9,2217.0,43.79,2.985e-9,2.128e-10,38.97,15,-1,4.266e6,1.285e-8,9542.0,158.1
3.891e13,759100.0,238.5,14390.0,-52.99,3.698e-10,3.875e-10,1.856,16,-1,5.348e7,1.486e-9,57820.0,15080.0
9.745e11,401000.0,290.5,894.1,19.16,9.175e-10,3.711e-10,16.7,16,-1,4.804e6,1.242e-9,1210.0,361.7
8.774e11,333700.0,243.9,1100.0,55.37,1.254e-9,1.504e-11,53.81,16,-1,4.003e6,3.36e-9,2948.0,13.2
8.507e11,409200.0,221.2,79.59,87.16,9.356e-11,7.177e-14,87.16,16,-1,2.618e6,1.295e-10,110.2,0.06105
1.698e11,411500.0,293.1,129.2,-9.278,7.609e-10,3.329e-10,9.278,16,-1,1.656e6,9.24e-10,156.9,56.52
3.432e11,412700.0,291.2,1492.0,-3.707,4.348e-9,7.552e-9,1.856,16,-1,2.498e6,2.528e-8,8677.0,2592.0
3.56e11,329300.0,253.8,918.3,46.39,2.58e-9,1.164e-10,46.39,16,-1,2.543e6,1.123e-8,3996.0,41.44
1.289e12,383900.0,265.7,3708.0,-33.57,2.877e-9,2.612e-10,31.54,16,-1,5.113e6,9.484e-9,12220.0,336.6
4.444e13,676300.0,268.1,39020.0,21.31,8.779e-10,7.211e-10,1.856,16,-1,6.211e7,3.062e-9,136100.0,32050.0
6.903e12,559400.0,291.9,17250.0,6.973,2.5e-9,3.017e-9,1.856,16,-1,1.394e7,1.003e-8,69220.0,20820.0
1.405e11,340500.0,273.1,376.3,35.26,2.679e-9,3.425e-10,35.26,16,-1,1.511e6,5.736e-9,805.8,48.11
1.75e12,369500.0,239.8,276.5,-52.85,1.58e-10,6.116e-13,46.39,16,-1,6.257e6,1.849e-10,323.7,1.07
1.221e13,545700.0,290.7,19590.0,15.64,1.605e-9,2.299e-9,1.856,16,-1,2.668e7,6.918e-9,84440.0,28060.0
3.638e12,371000.0,236.3,2944.0,61.27,8.092e-10,1.992e-11,46.39,16,-1,1.043e7,2.989e-9,10870.0,72.45
3.353e11,406300.0,295.3,52.12,-12.99,1.554e-10,7.376e-11,12.99,16,-1,2.457e6,1.687e-10,56.57,24.73
4.873e11,393700.0,289.8,92.5,-19.16,1.898e-10,5.569e-11,16.7,16,-1,3.236e6,2.073e-10,101.0,27.14
1.198e13,568400.0,226.5,3170.0,-67.9,2.647e-10,7.3e-12,38.97,17,-1,1.988e7,6.549e-10,7845.0,87.44
1.72e11,412700.0,291.2,861.8,-1.856,5.012e-9,1.166e-8,1.856,17,-1,1.667e6,3.818e-8,6565.0,2005.0
2.503e13,598700.0,252.4,25170.0,49.8,1.006e-9,9.966e-10,1.856,17,-1,3.83e7,4.477e-9,112100.0,24940.0
1.466e11,355300.0,269.2,231.0,-31.54,1.576e-9,1.018e-10,31.54,17,-1,1.542e6,2.42e-9,354.8,14.92
9.973e11,406100.0,294.7,224.3,-14.83,2.249e-10,1.073e-10,12.99,17,-1,4.079e6,2.487e-10,248.0,107.0
2.888e13,739800.0,272.7,39070.0,31.84,1.353e-9,7.505e-10,1.856,17,-1,3.608e7,4.636e-9,133900.0,21670.0
7.276e11,335600.0,249.1,200.1,-45.1,2.75e-10,2.422e-12,42.68,17,-1,3.984e6,3.243e-10,236.0,1.763
3.068e12,509100.0,294.0,7804.0,-6.77,2.544e-9,5.371e-9,1.856,17,-1,8.279e6,1.568e-8,48100.0,16480.0
4.763e12,452600.0,239.0,2016.0,57.96,4.232e-10,8.955e-12,46.39,17,-1,1.119e7,1.151e-9,5481.0,42.65
1.369e12,434100.0,293.4,5026.0,-5.089,3.671e-9,1.024e-8,1.856,17,-1,4.984e6,3.039e-8,41600.0,14020.0
1.229e12,294400.0,225.8,178.4,-67.46,1.452e-10,1.765e-13,61.23,17,-1,5.753e6,2.05e-10,252.0,0.217
2.221e12,446800.0,276.2,1291.0,-30.1,5.812e-10,4.135e-11,24.12,17,-1,7.021e6,9.789e-10,2174.0,91.85
2.157e12,459800.0,293.4,4031.0,14.29,1.868e-9,3.258e-9,5.567,17,-1,7.401e6,8.5e-9,18340.0,7029.0
4.211e12,430200.0,257.0,5739.0,-38.81,1.363e-9,6.842e-11,27.83,17,-1,1.223e7,3.775e-9,15900.0,288.2
4.411e12,529100.0,277.8,3636.0,33.47,8.243e-10,8.225e-11,24.12,17,-1,1.042e7,1.209e-9,5331.0,362.8
2.107e13,696200.0,290.7,47450.0,1.048,2.252e-9,3.905e-9,1.856,17,-1,3.051e7,1.183e-8,249200.0,82280.0
3.034e12,434700.0,217.6,303.6,-82.46,1.001e-10,6.599e-14,72.36,18,-1,9.166e6,1.598e-10,484.7,0.2002
2.449e13,883600.0,279.2,41550.0,26.29,1.697e-9,1.849e-9,1.856,18,-1,2.739e7,6.959e-9,170400.0,45270.0
2.048e13,449200.0,261.8,26390.0,42.46,1.288e-9,1.195e-9,1.856,18,-1,3.931e7,4.448e-9,91110.0,24470.0
3.14e11,380600.0,285.2,78.04,-24.12,2.485e-10,4.885e-11,24.12,18,-1,2.352e6,2.744e-10,86.18,15.34
7.758e11,323800.0,244.4,1252.0,55.58,1.613e-9,3.028e-11,53.81,18,-1,3.981e6,6.482e-9,5029.0,23.49
2.669e12,452600.0,265.6,4852.0,-34.86,1.818e-9,1.037e-10,27.83,18,-1,8.194e6,4.857e-9,12960.0,276.8
8.133e11,398600.0,293.0,109.1,18.91,1.342e-10,5.33e-11,16.7,18,-1,4.024e6,1.455e-10,118.3,43.35
1.314e12,378800.0,255.3,2754.0,-39.91,2.096e-9,1.225e-10,35.26,18,-1,5.869e6,8.181e-9,10750.0,161.0
2.72e12,494400.0,294.0,6924.0,-7.367,2.546e-9,6.184e-9,1.856,18,-1,8.279e6,1.839e-8,50000.0,16820.0
1.538e13,585000.0,287.5,31960.0,20.18,2.078e-9,3.597e-9,1.856,18,-1,2.948e7,1.099e-8,169000.0,55330.0
3.092e12,427000.0,238.7,530.3,58.5,1.715e-10,6.173e-13,50.1,18,-1,8.749e6,2.038e-10,630.1,1.909
6.323e12,475500.0,282.2,5300.0,-24.36,8.382e-10,2.104e-10,9.278,18,-1,1.623e7,1.694e-9,10710.0,1330.0
2.314e12,485800.0,294.0,4260.0,15.57,1.841e-9,2.277e-9,9.278,18,-1,6.522e6,5.656e-9,13090.0,5270.0
1.91e13,794000.0,292.9,39460.0,1.715,2.065e-9,2.563e-9,1.856,18,-1,2.517e7,7.366e-9,140700.0,48960.0
1.064e13,574300.0,236.9,2263.0,-52.87,2.128e-10,1.554e-12,42.68,18,-1,2.06e7,3.871e-10,4117.0,16.53
8.507e11,409200.0,214.8,47.03,-87.16,5.529e-11,2.394e-14,87.16,19,-1,2.618e6,7.663e-11,65.19,0.02036
1.384e12,330800.0,221.0,162.9,-72.18,1.178e-10,9.9e-14,68.65,19,-1,5.103e6,1.782e-10,246.6,0.137
9.431e13,786200.0,261.4,119200.0,38.02,1.264e-9,7.086e-10,1.856,19,-1,1.138e8,4.605e-9,434300.0,66830.0
1.382e12,382400.0,251.5,996.2,-42.87,7.21e-10,2.128e-11,38.97,19,-1,4.908e6,1.694e-9,2341.0,29.4
1.521e11,368700.0,284.1,12.73,27.83,8.368e-11,1.441e-11,27.83,19,-1,1.569e6,8.969e-11,13.65,2.192
1.57e11,380600.0,288.6,19.97,24.12,1.272e-10,3.308e-11,24.12,19,-1,1.593e6,1.373e-10,21.56,5.194
1.804e12,383600.0,250.8,3958.0,48.67,2.194e-9,7.821e-11,42.68,19,-1,6.578e6,8.683e-9,15670.0,141.1
1.161e13,504700.0,236.4,5832.0,-54.0,5.022e-10,1.812e-11,35.26,19,-1,2.567e7,1.668e-9,19370.0,210.4
2.321e12,469200.0,293.4,882.8,-15.05,3.804e-10,2.169e-10,9.278,19,-1,7.343e6,5.308e-10,1232.0,503.4
4.14e12,379400.0,224.2,471.8,-65.67,1.139e-10,1.366e-13,53.81,19,-1,1.198e7,1.558e-10,645.1,0.5657
4.908e11,396500.0,290.5,95.58,-17.92,1.947e-10,6.054e-11,16.7,19,-1,3.254e6,2.133e-10,104.7,29.71
1.712e11,412700.0,290.5,889.3,5.567,5.194e-9,1.486e-8,5.567,19,-1,1.663e6,5.176e-8,8862.0,2544.0
1.635e12,448700.0,292.3,1196.0,17.75,7.316e-10,3.441e-10,12.99,19,-1,6.499e6,9.574e-10,1565.0,562.7
1.698e11,411500.0,293.4,3.35,-9.278,1.973e-11,7.777e-12,9.278,19,-1,1.656e6,2.091e-11,3.55,1.32
8.507e11,409200.0,219.6,84.9,-87.16,9.98e-11,7.085e-14,87.16,20,-1,2.618e6,1.471e-10,125.1,0.06027
5.425e13,640300.0,281.0,63710.0,5.422,1.174e-9,6.152e-10,1.856,20,-1,8.525e7,3.283e-9,178100.0,33370.0
2.505e13,521700.0,241.2,16860.0,59.96,6.732e-10,2.328e-11,20.41,20,-1,3.755e7,1.94e-9,48600.0,583.2
4.531e12,474700.0,293.6,10260.0,-10.23,2.265e-9,4.093e-9,1.856,20,-1,1.313e7,1.153e-8,52250.0,18540.0
1.189e13,589200.0,245.4,10680.0,-46.87,8.984e-10,4.773e-11,35.26,20,-1,2.069e7,3.475e-9,41310.0,567.3
1.187e12,434600.0,295.6,2627.0,-9.255,2.213e-9,3.332e-9,5.567,20,-1,4.962e6,7.99e-9,9485.0,3955.0
2.518e12,410800.0,296.1,1227.0,-12.48,4.873e-10,3.024e-10,9.278,20,-1,1.144e7,6.303e-10,1587.0,761.6
1.732e12,414200.0,277.4,1618.0,32.62,9.343e-10,8.562e-11,27.83,20,-1,6.123e6,1.675e-9,2901.0,148.3
3.618e12,412300.0,246.2,2250.0,-46.72,6.22e-10,1.886e-11,38.97,20,-1,1.15e7,1.525e-9,5518.0,68.22
4.251e12,546300.0,293.4,14620.0,6.546,3.441e-9,7.686e-9,1.856,20,-1,1.073e7,2.3e-8,97780.0,32670.0
1.338e11,324200.0,263.1,442.9,38.97,3.311e-9,3.144e-10,38.97,20,-1,1.478e6,1.3e-8,1739.0,42.05
1.265e11,306500.0,259.6,395.7,42.68,3.129e-9,2.355e-10,42.68,20,-1,1.442e6,1.33e-8,1682.0,29.78
3.092e11,374600.0,286.7,93.61,25.95,3.028e-10,6.867e-11,24.12,20,-1,2.414e6,3.377e-10,104.4,21.23
1.865e12,336900.0,242.7,756.8,-52.15,4.057e-10,8.268e-12,42.68,20,-1,7.431e6,8.771e-10,1636.0,15.42
8.507e11,409200.0,214.9,42.99,-87.16,5.054e-11,2.148e-14,87.16,21,-1,2.618e6,6.807e-11,57.91,0.01827
6.111e12,497700.0,254.6,3527.0,-41.45,5.772e-10,1.833e-11,24.12,21,-1,1.353e7,1.166e-9,7124.0,112.0
7.154e13,782900.0,261.8,105100.0,37.87,1.469e-9,1.667e-9,1.856,21,-1,7.956e7,7.486e-9,535500.0,119200.0
1.648e11,399400.0,292.0,48.57,-16.7,2.948e-10,1.071e-10,16.7,21,-1,1.632e6,3.279e-10,54.03,17.65
1.612e11,390800.0,288.3,39.96,-20.41,2.478e-10,6.414e-11,20.41,21,-1,1.614e6,2.735e-10,44.1,10.34
1.324e12,402400.0,271.5,2470.0,-31.05,1.866e-9,1.632e-10,27.83,21,-1,5.34e6,4.159e-9,5506.0,216.0
4.981e12,486400.0,290.2,6185.0,19.81,1.242e-9,1.472e-9,9.278,21,-1,1.361e7,4.039e-9,20120.0,7334.0
4.944e11,403800.0,292.3,620.8,16.7,1.256e-9,5.733e-10,16.7,21,-1,3.227e6,1.708e-9,844.4,283.4
6.318e11,346700.0,249.5,214.4,-42.59,3.394e-10,3.339e-12,38.97,21,-1,4.324e6,4.118e-10,260.2,2.11
3.353e11,406300.0,292.1,662.7,12.99,1.976e-9,1.058e-9,12.99,21,-1,2.457e6,3.177e-9,1065.0,354.8
3.41e11,412100.0,294.4,356.5,-7.414,1.045e-9,6.275e-10,5.567,21,-1,2.493e6,1.602e-9,546.4,214.0
8.593e12,522800.0,235.3,4761.0,-56.13,5.541e-10,2.068e-11,31.54,21,-1,1.707e7,1.572e-9,13510.0,177.7
1.68e12,409800.0,294.8,540.9,-12.23,3.22e-10,1.782e-10,9.278,21,-1,7.378e6,4.079e-10,685.3,299.3
2.495e12,362700.0,229.8,585.7,68.62,2.347e-10,8.045e-13,61.23,21,-1,7.142e6,4.006e-10,999.6,2.007
1.932e12,382800.0,260.9,5682.0,41.34,2.94e-9,2.119e-10,38.97,21,-1,6.86e6,1.076e-8,20800.0,409.5
3.425e12,502200.0,292.0,15630.0,2.22,4.563e-9,1.236e-8,1.856,21,-1,9.959e6,3.989e-8,136600.0,42340.0
1.07e13,617100.0,225.2,1124.0,-63.16,1.05e-10,1.397e-13,50.1,21,-1,1.712e7,1.365e-10,1461.0,1.496
3.225e11,390800.0,291.1,23.86,20.41,7.399e-11,2.368e-11,20.41,21,-1,2.394e6,7.916e-11,25.53,7.636
7.441e11,372200.0,274.6,1048.0,-30.03,1.409e-9,1.326e-10,27.83,21,-1,3.817e6,2.321e-9,1727.0,98.71
4.921e13,524200.0,258.6,43690.0,-41.96,8.877e-10,1.226e-9,1.856,22,-1,8.272e7,3.993e-9,196500.0,60340.0
1.639e13,608300.0,285.4,19700.0,12.45,1.202e-9,6.706e-10,1.856,22,-1,2.617e7,3.405e-9,55820.0,10990.0
8.507e11,409200.0,226.4,117.2,87.16,1.378e-10,1.663e-13,87.16,22,-1,2.618e6,1.872e-10,159.3,0.1414
4.94e12,565700.0,288.2,1581.0,25.04,3.201e-10,1.665e-10,12.99,22,-1,1.025e7,4.311e-10,2129.0,822.5
5.242e12,501000.0,241.8,5673.0,58.92,1.082e-9,2.023e-11,46.39,22,-1,1.103e7,3.259e-9,17080.0,106.0
3.682e13,534000.0,290.4,67880.0,-1.753,1.843e-9,3.147e-9,1.856,22,-1,8.201e7,8.23e-9,303000.0,115900.0
2.136e12,452500.0,284.1,647.7,-27.2,3.032e-10,5.355e-11,20.41,22,-1,7.008e6,3.45e-10,737.1,114.4
2.602e11,315400.0,262.4,577.4,40.77,2.219e-9,1.214e-10,38.97,22,-1,2.294e6,5.883e-9,1531.0,31.59
8.507e11,409200.0,218.3,78.3,-87.16,9.205e-11,5.892e-14,87.16,23,-1,2.618e6,1.371e-10,116.6,0.05012
5.865e12,463800.0,257.8,5990.0,-39.02,1.021e-9,5.694e-11,27.83,23,-1,1.422e7,2.279e-9,13370.0,333.9
1.116e13,590200.0,286.8,19080.0,19.54,1.709e-9,2.724e-9,1.856,23,-1,2.104e7,9.018e-9,100700.0,30410.0
8.507e11,409200.0,223.7,93.26,87.16,1.096e-10,1.037e-13,87.16,23,-1,2.618e6,1.486e-10,126.4,0.0882
5.047e13,609500.0,275.3,94570.0,25.93,1.874e-9,1.881e-9,1.856,23,-1,7.893e7,7.518e-9,379400.0,94920.0
1.466e11,355300.0,269.5,113.5,-31.54,7.741e-10,4.166e-11,31.54,23,-1,1.542e6,9.65e-10,141.5,6.108
4.08e11,329600.0,255.8,833.3,-37.69,2.042e-9,8.115e-11,35.26,23,-1,2.972e6,6.184e-9,2523.0,33.11
9.783e12,533800.0,249.5,11330.0,-43.95,1.158e-9,5.881e-11,31.54,23,-1,1.897e7,3.967e-9,38810.0,575.3
3.425e11,412700.0,295.0,581.9,-5.567,1.699e-9,1.093e-9,5.567,23,-1,2.493e6,2.556e-9,875.3,374.3
1.312e13,555200.0,246.4,19770.0,52.84,1.506e-9,5.407e-11,38.97,23,-1,2.263e7,5.672e-9,74450.0,709.7
2.433e12,472500.0,292.0,2066.0,19.1,8.49e-10,4.335e-10,12.99,23,-1,8.027e6,1.176e-9,2862.0,1055.0
3.034e12,437400.0,245.0,1330.0,-46.69,4.383e-10,5.433e-12,38.97,23,-1,8.066e6,6.351e-10,1927.0,16.48
1.438e13,614100.0,288.5,15390.0,-16.49,1.07e-9,1.628e-9,1.856,23,-1,2.249e7,4.932e-9,70940.0,23410.0
2.422e12,445600.0,286.0,698.4,27.88,2.884e-10,7.04e-11,20.41,23,-1,7.809e6,3.244e-10,785.5,170.5
8.507e11,409200.0,220.2,91.9,-87.16,1.08e-10,8.202e-14,87.16,24,-1,2.618e6,1.608e-10,136.8,0.06977
1.396e13,460000.0,273.3,34040.0,-24.65,2.438e-9,5.684e-9,1.856,24,-1,3.88e7,1.996e-8,278700.0,79370.0
5.672e13,683700.0,253.8,62870.0,47.07,1.108e-9,9.138e-10,1.856,24,-1,7.254e7,4.571e-9,259300.0,51830.0
1.555e12,391200.0,274.4,2528.0,34.44,1.626e-9,1.605e-10,27.83,24,-1,6.05e6,3.386e-9,5266.0,249.6
2.553e12,462600.0,294.0,6870.0,5.282,2.691e-9,3.063e-9,1.856,24,-1,9.11e6,8.367e-9,21360.0,7819.0
2.03e13,681500.0,280.5,11140.0,-25.61,5.488e-10,3.619e-10,5.567,24,-1,3.15e7,1.27e-9,25790.0,7348.0
6.65e12,535100.0,290.1,2266.0,22.36,3.408e-10,1.322e-10,12.99,24,-1,1.493e7,4.032e-10,2681.0,879.4
4.035e12,479600.0,293.8,9344.0,-9.227,2.316e-9,5.172e-9,1.856,24,-1,1.148e7,1.38e-8,55680.0,20870.0
4.517e12,431800.0,259.2,3321.0,-39.63,7.351e-10,2.56e-11,20.41,24,-1,1.328e7,1.634e-9,7380.0,115.6
1.698e11,411500.0,294.6,85.82,-9.278,5.054e-10,2.427e-10,9.278,24,-1,1.656e6,5.842e-10,99.2,41.21
6.542e11,334800.0,258.3,1992.0,40.4,3.045e-9,2.188e-10,38.97,24,-1,3.564e6,1.376e-8,9003.0,143.1
7.578e11,306100.0,257.1,2184.0,42.53,2.882e-9,1.869e-10,38.97,24,-1,4.303e6,1.292e-8,9791.0,141.6
8.507e11,409200.0,217.8,76.37,-87.16,8.978e-11,5.527e-14,87.16,25,-1,2.618e6,1.348e-10,114.7,0.04702
5.371e13,558500.0,272.4,79900.0,8.086,1.488e-9,1.413e-9,1.856,25,-1,9.466e7,5.867e-9,315100.0,75900.0
8.507e11,409200.0,221.3,86.36,87.16,1.015e-10,8.037e-14,87.16,25,-1,2.618e6,1.432e-10,121.8,0.06837
4.627e13,695300.0,257.5,71790.0,43.39,1.551e-9,1.072e-9,1.856,25,-1,7.091e7,7.01e-9,324400.0,49620.0
1.338e11,324200.0,256.7,340.7,-38.97,2.547e-9,1.102e-10,38.97,25,-1,1.478e6,8.072e-9,1080.0,14.74
6.632e12,491900.0,287.7,1162.0,-22.59,1.752e-10,6.63e-11,12.99,25,-1,1.656e7,1.999e-10,1326.0,439.7
2.176e11,145700.0,223.5,22.42,-75.18,1.03e-10,9.461e-14,72.36,25,-1,2.451e6,1.387e-10,30.18,0.02059
1.769e12,375000.0,276.8,717.1,-30.32,4.053e-10,2.821e-11,24.12,25,-1,6.314e6,5.872e-10,1039.0,49.9
2.627e12,383900.0,227.7,377.3,-65.35,1.436e-10,2.108e-13,57.52,25,-1,7.651e6,1.944e-10,510.8,0.5539
2.158e12,411600.0,270.4,3748.0,-32.84,1.737e-9,1.337e-10,27.83,25,-1,7.519e6,3.929e-9,8480.0,288.6
1.986e13,502200.0,254.0,15830.0,-46.61,7.97e-10,1.152e-9,1.856,26,-1,3.605e7,3.621e-9,71910.0,22880.0
1.231e13,560700.0,244.4,13720.0,-50.4,1.114e-9,5.381e-11,31.54,26,-1,2.223e7,3.675e-9,45250.0,662.5
1.024e13,450600.0,236.6,8443.0,66.95,8.242e-10,2.671e-11,42.68,26,-1,2.455e7,2.533e-9,25950.0,273.6
1.712e11,412700.0,295.8,366.8,-5.567,2.142e-9,1.641e-9,5.567,26,-1,1.663e6,3.564e-9,610.2,281.0
3.535e12,504900.0,290.3,2035.0,19.84,5.756e-10,3.557e-10,9.278,26,-1,9.678e6,9.501e-10,3358.0,1257.0
4.982e13,823800.0,276.4,58400.0,-26.49,1.172e-9,1.838e-9,1.856,26,-1,5.974e7,5.512e-9,274600.0,91580.0
1.57e11,380600.0,287.1,29.19,24.12,1.859e-10,4.269e-11,24.12,26,-1,1.593e6,2.029e-10,31.86,6.703
1.913e12,388800.0,248.9,3698.0,51.44,1.933e-9,5.977e-11,46.39,26,-1,6.364e6,7.285e-9,13940.0,114.3
1.037e13,574000.0,292.2,33700.0,-7.483,3.249e-9,9.564e-9,1.856,26,-1,1.959e7,2.713e-8,281400.0,99200.0
8.829e12,507600.0,260.5,11710.0,44.48,1.327e-9,7.254e-11,16.7,26,-1,1.744e7,4.078e-9,36010.0,640.5
8.907e11,378900.0,278.5,1483.0,30.28,1.664e-9,2.442e-10,27.83,26,-1,4.525e6,2.813e-9,2505.0,217.6
3.577e13,557500.0,247.5,28100.0,-46.68,7.855e-10,7.422e-10,1.856,27,-1,5.304e7,3.056e-9,109300.0,26550.0
2.572e13,649700.0,287.8,32520.0,11.08,1.264e-9,1.438e-9,1.856,27,-1,3.887e7,4.29e-9,110300.0,36980.0
2.058e13,482300.0,254.1,19390.0,50.15,9.423e-10,6.097e-10,5.567,27,-1,4.06e7,3.229e-9,66460.0,12550.0
1.268e12,393700.0,286.5,190.7,-22.68,1.504e-10,3.421e-11,20.41,27,-1,5.576e6,1.634e-10,207.3,43.39
9.117e12,609200.0,240.4,8457.0,58.85,9.276e-10,1.193e-11,50.1,27,-1,1.47e7,2.424e-9,22100.0,108.8
1.676e11,406300.0,295.0,46.01,12.99,2.745e-10,1.3e-10,12.99,27,-1,1.646e6,3.041e-10,50.98,21.79
4.873e11,393700.0,291.5,197.8,-19.16,4.058e-10,1.491e-10,16.7,27,-1,3.236e6,4.659e-10,227.0,72.67
1.348e12,352100.0,248.4,2706.0,49.03,2.007e-9,6.512e-11,46.39,27,-1,5.751e6,9.032e-9,12180.0,87.8
1.351e12,410800.0,293.7,4083.0,10.65,3.022e-9,4.747e-9,5.567,27,-1,5.765e6,1.319e-8,17820.0,6413.0
7.783e12,530300.0,251.7,18100.0,48.02,2.325e-9,1.438e-10,38.97,27,-1,1.601e7,1.096e-8,85320.0,1119.0
8.72e12,505700.0,291.5,18100.0,8.327,2.075e-9,4.484e-9,1.856,27,-1,2.042e7,1.361e-8,118700.0,39100.0
2.824e12,446200.0,270.7,2866.0,-34.21,1.015e-9,5.298e-11,24.12,27,-1,8.375e6,2.002e-9,5654.0,149.6
5.087e11,410200.0,294.6,743.5,-9.252,1.462e-9,1.283e-9,5.567,27,-1,3.321e6,2.985e-9,1518.0,652.6
3.253e13,598900.0,229.0,4605.0,-62.58,1.416e-10,3.072e-12,20.41,28,-1,4.823e7,2.031e-10,6606.0,99.92
6.005e13,727000.0,279.3,74640.0,9.223,1.243e-9,8.704e-10,1.856,28,-1,8.592e7,3.634e-9,218200.0,52270.0
8.507e11,409200.0,223.5,97.56,87.16,1.147e-10,1.084e-13,87.16,28,-1,2.618e6,1.584e-10,134.7,0.09218
4.432e12,534800.0,293.2,14210.0,-3.517,3.206e-9,5.067e-9,1.856,28,-1,1.159e7,1.495e-8,66260.0,22460.0
1.675e12,415900.0,283.6,244.5,27.37,1.459e-10,2.192e-11,20.41,28,-1,6.249e6,1.601e-10,268.1,36.71
7.38e12,493400.0,293.4,12880.0,-5.973,1.746e-9,2.182e-9,1.856,28,-1,2.032e7,6.273e-9,46290.0,16100.0
2.504e11,227600.0,234.3,48.19,68.65,1.924e-10,4.789e-13,68.65,28,-1,2.008e6,2.638e-10,66.07,0.1199
2.841e12,454000.0,258.2,5161.0,-40.88,1.816e-9,9.426e-11,31.54,28,-1,8.456e6,5.734e-9,16290.0,267.8
2.217e12,412600.0,293.6,6775.0,2.674,3.055e-9,4.888e-9,1.856,28,-1,8.3e6,1.471e-8,32610.0,10840.0
3.25e12,482100.0,292.2,1000.0,18.41,3.077e-10,1.455e-10,12.99,28,-1,8.903e6,3.598e-10,1169.0,472.9
3.374e11,408900.0,294.7,215.4,-11.12,6.383e-10,3.277e-10,9.278,28,-1,2.484e6,7.723e-10,260.6,110.6
2.81e11,340500.0,265.9,941.1,35.26,3.349e-9,3.684e-10,35.26,28,-1,2.189e6,1.183e-8,3325.0,103.5
8.507e11,409200.0,216.3,51.76,-87.16,6.084e-11,2.988e-14,87.16,29,-1,2.618e6,8.352e-11,71.05,0.02541
5.17e13,775600.0,257.3,41660.0,-38.15,8.058e-10,1.031e-9,1.856,29,-1,6.448e7,3.791e-9,196000.0,53310.0
2.336e13,523300.0,266.4,23580.0,39.84,1.01e-9,8.732e-11,9.278,29,-1,4.471e7,2.462e-9,57510.0,2040.0
8.507e11,409200.0,223.6,109.1,87.16,1.282e-10,1.264e-13,87.16,29,-1,2.618e6,1.832e-10,155.8,0.1076
1.2e12,437600.0,291.5,6140.0,3.433,5.117e-9,1.606e-8,1.856,29,-1,5.824e6,5.221e-8,62650.0,19270.0
6.465e12,501900.0,290.2,20360.0,9.635,3.148e-9,5.275e-9,1.856,29,-1,1.77e7,1.669e-8,107900.0,34100.0
2.535e12,428700.0,287.5,382.0,-22.05,1.507e-10,3.956e-11,12.99,29,-1,8.053e6,1.641e-10,416.1,100.3
1.024e13,526900.0,292.6,31180.0,8.039,3.046e-9,5.655e-9,1.856,29,-1,2.291e7,1.746e-8,178700.0,57890.0
1.956e12,374100.0,255.1,2190.0,-40.08,1.119e-9,3.675e-11,31.54,29,-1,7.226e6,3.047e-9,5959.0,71.88
2.675e11,324200.0,260.7,846.1,38.97,3.163e-9,2.561e-10,38.97,29,-1,2.123e6,1.33e-8,3558.0,68.5
4.387e12,474100.0,292.9,9881.0,-9.912,2.252e-9,4.411e-9,1.856,29,-1,1.401e7,1.362e-8,59750.0,19350.0
8.268e11,277000.0,237.3,213.4,60.97,2.582e-10,1.368e-12,57.52,29,-1,4.485e6,4.463e-10,369.0,1.131
4.18e12,496500.0,244.5,1404.0,-48.04,3.359e-10,4.957e-12,38.97,29,-1,9.283e6,5.229e-10,2186.0,20.72
1.57e11,380600.0,287.4,33.48,24.12,2.132e-10,5.053e-11,24.12,29,-1,1.593e6,2.338e-10,36.72,7.934
3.26e11,395100.0,291.1,153.9,18.54,4.72e-10,1.625e-10,16.7,29,-1,2.456e6,5.434e-10,177.2,52.97
6.926e11,311200.0,246.8,1130.0,54.8,1.631e-9,2.832e-11,53.81,29,-1,4.049e6,4.938e-9,3420.0,19.61
8.507e11,409200.0,219.2,80.42,-87.16,9.454e-11,6.42e-14,87.16,30,-1,2.618e6,1.385e-10,117.8,0.05461
7.51e12,598400.0,292.3,16220.0,-9.509,2.159e-9,3.446e-9,1.856,30,-1,1.477e7,1.019e-8,76550.0,25880.0
1.265e13,465800.0,238.0,5701.0,65.76,4.508e-10,1.559e-11,27.83,30,-1,2.922e7,1.041e-9,13170.0,197.1
9.898e12,493000.0,260.2,8790.0,-40.88,8.881e-10,3.197e-10,9.278,30,-1,2.25e7,2.133e-9,21110.0,3165.0
4.863e12,557000.0,288.2,2102.0,-23.58,4.323e-10,1.833e-10,12.99,30,-1,1.104e7,5.462e-10,2656.0,891.5
3.684e12,453200.0,241.4,940.4,-51.56,2.553e-10,1.703e-12,42.68,30,-1,9.971e6,3.158e-10,1163.0,6.274
3.425e11,412700.0,293.5,1707.0,5.567,4.983e-9,1.348e-8,5.567,30,-1,2.493e6,3.611e-8,12370.0,4617.0
1.975e12,451100.0,295.2,578.8,-16.65,2.931e-10,1.955e-10,12.99,30,-1,6.468e6,4.015e-10,792.9,386.0
1.496e12,423400.0,296.4,1040.0,14.59,6.955e-10,6.649e-10,9.278,30,-1,6.554e6,1.428e-9,2137.0,994.7
5.157e13,647800.0,281.4,59740.0,-9.561,1.158e-9,1.358e-9,1.856,30,-1,7.519e7,3.754e-9,193600.0,70040.0
1.59e13,658100.0,285.2,28900.0,21.56,1.817e-9,3.528e-9,1.856,30,-1,2.621e7,1.06e-8,168600.0,56110.0
1.412e12,353900.0,234.7,223.4,-56.57,1.582e-10,3.775e-13,53.81,30,-1,5.667e6,1.941e-10,274.0,0.533
3.374e11,408900.0,294.6,40.46,-11.12,1.199e-10,5.316e-11,9.278,30,-1,2.484e6,1.293e-10,43.64,17.94
5.418e11,350400.0,265.8,1089.0,-38.0,2.01e-9,1.163e-10,35.26,30,-1,3.617e6,4.155e-9,2251.0,62.99
1.305e13,422900.0,236.3,7302.0,-55.81,5.596e-10,2.178e-11,35.26,31,-1,2.833e7,1.746e-9,22780.0,284.2
1.431e13,541500.0,239.7,9719.0,-49.81,6.793e-10,3.43e-11,31.54,31,-1,2.644e7,1.875e-9,26830.0,490.8
1.932e13,563700.0,287.5,39420.0,18.53,2.04e-9,3.792e-9,1.856,31,-1,3.642e7,1.285e-8,248300.0,73260.0
8.507e11,409200.0,224.9,103.7,87.16,1.22e-10,1.288e-13,87.16,31,-1,2.618e6,1.657e-10,140.9,0.1095
2.484e11,267500.0,241.1,168.5,61.23,6.785e-10,3.842e-12,61.23,31,-1,2.013e6,1.149e-9,285.4,0.9541
1.108e12,224400.0,224.6,127.5,-63.39,1.151e-10,1.303e-13,53.81,31,-1,6.978e6,1.571e-10,174.1,0.1443
6.635e11,402000.0,291.9,815.4,14.76,1.229e-9,6.047e-10,9.278,31,-1,4.135e6,1.761e-9,1169.0,401.2
3.225e12,451500.0,293.8,6668.0,-8.863,2.067e-9,3.877e-9,5.567,31,-1,9.9e6,1.151e-8,37140.0,12500.0
2.199e12,421500.0,249.6,4331.0,52.06,1.969e-9,5.905e-11,46.39,31,-1,6.804e6,7.058e-9,15520.0,129.9
5.186e13,745400.0,285.6,104800.0,8.499,2.022e-9,2.712e-9,1.856,31,-1,7.154e7,9.444e-9,489700.0,140600.0
4.148e12,402000.0,252.0,4044.0,-41.43,9.747e-10,3.926e-11,27.83,31,-1,1.426e7,2.325e-9,9644.0,162.9
5.675e12,547800.0,290.3,2060.0,-18.79,3.631e-10,1.795e-10,9.278,31,-1,1.202e7,4.96e-10,2815.0,1018.0
5.796e13,597200.0,266.1,61040.0,-26.98,1.053e-9,1.479e-9,1.856,32,-1,8.454e7,4.087e-9,236900.0,85730.0
1.826e13,602800.0,278.7,26200.0,-26.49,1.435e-9,2.653e-9,1.856,32,-1,2.987e7,8.337e-9,152300.0,48460.0
1.036e13,447900.0,240.6,12130.0,62.24,1.171e-9,4.774e-11,38.97,32,-1,1.927e7,3.842e-9,39810.0,494.6
1.071e12,348000.0,247.2,1536.0,55.41,1.434e-9,2.216e-11,53.81,32,-1,4.465e6,3.631e-9,3890.0,23.74
6.677e11,406200.0,294.3,1516.0,-13.9,2.27e-9,1.709e-9,12.99,32,-1,4.095e6,4.165e-9,2781.0,1141.0
9.821e12,503200.0,285.9,19030.0,-19.44,1.937e-9,2.489e-9,1.856,32,-1,2.405e7,7.77e-9,76310.0,24450.0
8.67e12,442700.0,241.7,9814.0,57.14,1.132e-9,2.466e-11,46.39,32,-1,2.101e7,3.979e-9,34500.0,213.8
2.616e12,464700.0,285.6,537.4,26.18,2.054e-10,4.176e-11,20.41,32,-1,7.787e6,2.314e-10,605.2,109.2
5.151e11,412700.0,292.2,2685.0,3.089,5.213e-9,1.991e-8,1.856,32,-1,3.331e6,5.971e-8,30760.0,10260.0
8.369e11,307600.0,252.6,2074.0,45.62,2.478e-9,1.197e-10,38.97,32,-1,5.589e6,1.119e-8,9369.0,100.2
5.332e12,509500.0,293.9,8891.0,-10.86,1.667e-9,3.148e-9,1.856,32,-1,1.309e7,8.772e-9,46780.0,16790.0
8.507e11,409200.0,217.7,74.72,-87.16,8.784e-11,5.312e-14,87.16,33,-1,2.618e6,1.315e-10,111.9,0.04518
1.647e13,565700.0,265.9,13000.0,-34.69,7.893e-10,6.622e-11,9.278,33,-1,3.47e7,1.841e-9,30310.0,1091.0
5.277e13,569600.0,253.7,50980.0,49.5,9.66e-10,6.911e-11,12.99,33,-1,7.786e7,3.301e-9,174200.0,3647.0
6.89e12,475500.0,293.6,22380.0,9.665,3.248e-9,6.803e-9,1.856,33,-1,1.878e7,1.914e-8,131900.0,46880.0
3.481e12,518200.0,294.2,1708.0,-14.84,4.907e-10,3.96e-10,9.278,33,-1,8.973e6,8.728e-10,3038.0,1378.0
1.468e13,530300.0,254.7,16870.0,-41.81,1.149e-9,5.404e-11,24.12,33,-1,2.876e7,3.284e-9,48210.0,793.6
8.593e12,615700.0,254.0,8973.0,-42.24,1.044e-9,4.926e-11,24.12,33,-1,1.453e7,2.919e-9,25080.0,423.2
2.551e12,489100.0,294.6,7400.0,6.739,2.901e-9,6.286e-9,1.856,33,-1,7.453e6,1.772e-8,45190.0,16030.0
4.644e12,538200.0,291.0,1826.0,20.11,3.933e-10,2.011e-10,9.278,33,-1,1.044e7,5.158e-10,2395.0,933.8
4.112e12,413600.0,288.2,641.1,-22.32,1.559e-10,3.953e-11,16.7,33,-1,1.419e7,1.75e-10,719.7,162.6
1.562e13,504900.0,229.6,5551.0,-64.22,3.553e-10,9.856e-12,35.26,34,-1,2.668e7,8.326e-10,13010.0,154.0
4.419e13,675800.0,276.6,73210.0,22.2,1.656e-9,1.172e-9,1.856,34,-1,6.026e7,5.403e-9,238800.0,51800.0
3.367e12,393800.0,224.9,468.7,79.51,1.392e-10,1.561e-13,72.36,34,-1,8.421e6,1.993e-10,671.1,0.5255
3.092e11,374600.0,282.4,76.84,-25.95,2.486e-10,3.625e-11,24.12,34,-1,2.414e6,2.758e-10,85.26,11.21
2.228e13,567300.0,276.1,57350.0,22.83,2.574e-9,3.251e-9,1.856,34,-1,4.113e7,1.322e-8,294600.0,72440.0
2.256e12,472700.0,291.1,4132.0,20.05,1.832e-9,1.222e-9,12.99,34,-1,8.062e6,3.736e-9,8428.0,2756.0
1.338e11,324200.0,265.7,458.1,38.97,3.425e-9,3.924e-10,38.97,34,-1,1.478e6,1.282e-8,1715.0,52.49
8.631e12,454700.0,288.2,11740.0,19.95,1.361e-9,1.855e-9,1.856,34,-1,2.473e7,5.594e-9,48280.0,16010.0
4.166e12,517800.0,282.1,413.6,-25.75,9.928e-11,1.092e-11,20.41,34,-1,9.374e6,1.131e-10,471.0,45.48
3.822e12,440300.0,247.8,2379.0,-43.91,6.225e-10,1.139e-11,38.97,34,-1,1.048e7,1.285e-9,4910.0,43.52
4.584e12,477400.0,293.6,10360.0,-3.891,2.261e-9,2.862e-9,1.856,34,-1,1.236e7,8.429e-9,38640.0,13120.0
2.996e12,512300.0,294.0,4272.0,13.94,1.426e-9,2.248e-9,5.567,34,-1,8.986e6,6.472e-9,19390.0,6735.0
2.575e13,571900.0,245.8,12400.0,-52.51,4.816e-10,2.459e-11,24.12,35,-1,4.631e7,8.712e-10,22440.0,633.2
7.468e13,598600.0,261.6,92130.0,41.5,1.234e-9,9.879e-10,1.856,35,-1,1.062e8,4.642e-9,346700.0,73780.0
8.025e12,506300.0,289.3,1707.0,-20.22,2.127e-10,1.072e-10,9.278,35,-1,1.916e7,2.784e-10,2235.0,860.5
8.785e11,354900.0,280.0,744.3,31.45,8.473e-10,1.065e-10,27.83,35,-1,4.605e6,1.129e-9,991.6,93.56
1.875e12,427400.0,292.9,9141.0,7.234,4.875e-9,1.682e-8,1.856,35,-1,7.46e6,4.884e-8,91570.0,31530.0
1.196e12,412500.0,293.9,3355.0,-5.0,2.806e-9,7.758e-9,1.856,35,-1,5.819e6,2.257e-8,26980.0,9277.0
3.043e11,368700.0,278.6,362.1,-27.83,1.19e-9,1.569e-10,27.83,35,-1,2.304e6,1.601e-9,487.3,47.75
1.201e12,414400.0,293.5,4605.0,0.7933,3.833e-9,1.006e-8,1.856,35,-1,4.992e6,3.06e-8,36770.0,12090.0
1.975e12,413200.0,273.7,3666.0,34.54,1.857e-9,1.878e-10,27.83,35,-1,6.69e6,3.618e-9,7144.0,370.9
1.009e13,468700.0,225.0,1196.0,-69.89,1.185e-10,2.995e-13,46.39,36,-1,2.464e7,1.597e-10,1611.0,3.022
7.344e12,583200.0,291.9,16880.0,-9.953,2.299e-9,4.634e-9,1.856,36,-1,1.478e7,1.434e-8,105300.0,34030.0
1.604e13,580600.0,282.1,17460.0,18.89,1.088e-9,6.216e-10,1.856,36,-1,3.033e7,2.698e-9,43280.0,9972.0
4.733e13,670100.0,246.9,57300.0,51.57,1.211e-9,6.437e-10,1.856,36,-1,6.675e7,4.778e-9,226100.0,30470.0
3.126e12,452800.0,253.4,5980.0,-40.48,1.913e-9,8.458e-11,35.26,36,-1,8.988e6,6.948e-9,21720.0,264.4
3.09e12,515100.0,293.0,2153.0,18.57,6.967e-10,4.346e-10,12.99,36,-1,8.036e6,1.051e-9,3247.0,1343.0
6.343e12,479400.0,287.2,14300.0,18.22,2.255e-9,3.6e-9,1.856,36,-1,1.584e7,1.201e-8,76190.0,22830.0
9.206e11,371900.0,281.4,182.4,-26.45,1.981e-10,2.579e-11,20.41,36,-1,5.544e6,2.213e-10,203.8,23.74
2.841e12,495000.0,293.6,3393.0,-12.91,1.194e-9,1.522e-9,5.567,36,-1,8.201e6,3.985e-9,11320.0,4324.0
2.5e12,428800.0,292.1,7484.0,13.39,2.993e-9,6.423e-9,5.567,36,-1,9.796e6,2.014e-8,50360.0,16060.0
1.065e13,649900.0,244.1,8432.0,-47.96,7.92e-10,3.133e-11,31.54,36,-1,1.649e7,2.599e-9,27670.0,333.6
6.784e11,410500.0,294.9,1075.0,-9.258,1.584e-9,1.352e-9,5.567,36,-1,4.143e6,3.33e-9,2260.0,917.5
4.586e13,669100.0,257.2,28810.0,-43.6,6.282e-10,8.192e-10,5.567,37,-1,5.641e7,2.667e-9,122300.0,37570.0
1.517e13,558900.0,285.6,24540.0,-12.09,1.618e-9,2.319e-9,1.856,37,-1,2.828e7,7.108e-9,107800.0,35190.0
8.507e11,409200.0,226.2,119.4,87.16,1.404e-10,1.679e-13,87.16,37,-1,2.618e6,1.93e-10,164.2,0.1429
2.11e13,518700.0,263.0,33350.0,42.77,1.581e-9,9.453e-11,20.41,37,-1,4.302e7,5.117e-9,108000.0,1995.0
1.509e13,775400.0,264.7,10350.0,-37.7,6.856e-10,3.347e-11,20.41,37,-1,1.998e7,1.481e-9,22350.0,505.2
1.345e12,410800.0,296.4,1713.0,12.05,1.274e-9,1.558e-9,9.278,37,-1,6.547e6,3.635e-9,4891.0,2096.0
3.439e11,412700.0,292.6,1882.0,1.856,5.473e-9,3.22e-8,1.856,37,-1,2.5e6,9.333e-8,32090.0,11070.0
3.078e12,432200.0,293.2,1747.0,-17.91,5.675e-10,4.844e-10,9.278,37,-1,8.982e6,1.066e-9,3282.0,1491.0
7.935e11,391100.0,290.6,404.4,22.61,5.096e-10,1.706e-10,20.41,37,-1,3.965e6,6.077e-10,482.3,135.4
1.197e12,436800.0,296.1,3188.0,-5.553,2.663e-9,8.28e-9,1.856,37,-1,4.983e6,2.123e-8,25420.0,9912.0
8.296e11,404800.0,297.0,81.86,-15.2,9.867e-11,6.217e-11,12.99,37,-1,4.073e6,1.076e-10,89.26,51.58
4.139e11,323200.0,239.7,84.88,61.23,2.051e-10,7.441e-13,61.23,37,-1,2.799e6,2.492e-10,103.2,0.308
5.164e12,538200.0,292.0,2603.0,19.13,5.04e-10,2.815e-10,9.278,37,-1,1.127e7,7.273e-10,3756.0,1454.0
2.734e12,449400.0,294.1,9492.0,-2.048,3.472e-9,8.087e-9,1.856,37,-1,8.295e6,2.32e-8,63430.0,22110.0
1.338e11,324200.0,264.4,343.9,38.97,2.571e-9,1.656e-10,38.97,37,-1,1.478e6,6.06e-9,810.6,22.15
8.507e11,409200.0,216.8,58.73,-87.16,6.904e-11,3.641e-14,87.16,38,-1,2.618e6,9.717e-11,82.66,0.03097
1.001e12,315600.0,242.2,226.8,-49.53,2.267e-10,1.17e-12,46.39,38,-1,5.14e6,2.713e-10,271.5,1.17
4.415e13,550800.0,285.7,75300.0,-0.2793,1.706e-9,2.712e-9,1.856,38,-1,8.789e7,8.529e-9,376500.0,119700.0
8.507e11,409200.0,224.1,101.6,87.16,1.195e-10,1.184e-13,87.16,38,-1,2.618e6,1.648e-10,140.2,0.1007
4.961e13,602300.0,272.0,59410.0,-13.0,1.198e-9,1.028e-9,1.856,38,-1,8.35e7,3.929e-9,194900.0,50980.0
4.612e12,536700.0,292.6,11500.0,15.76,2.493e-9,3.933e-9,5.567,38,-1,1.134e7,1.094e-8,50470.0,18140.0
6.182e11,332900.0,246.2,482.2,53.15,7.801e-10,1.196e-11,50.1,38,-1,4.117e6,2.353e-9,1454.0,7.392
1.103e11,267400.0,249.9,244.1,50.1,2.212e-9,7.064e-11,50.1,38,-1,1.363e6,9.572e-9,1056.0,7.795
8.49e11,379000.0,267.8,2747.0,-34.61,3.235e-9,3.933e-10,31.54,38,-1,5.07e6,1.139e-8,9667.0,334.0
6.002e12,474400.0,231.7,942.6,-57.79,1.57e-10,4.642e-13,46.39,38,-1,1.38e7,1.986e-10,1192.0,2.786
4.199e12,436600.0,230.3,652.4,70.0,1.554e-10,2.684e-13,61.23,38,-1,1.028e7,2.037e-10,855.3,1.127
1.338e11,324200.0,258.7,429.5,-38.97,3.211e-9,2.651e-10,38.97,38,-1,1.478e6,1.626e-8,2175.0,35.45
8.507e11,409200.0,217.0,53.89,-87.16,6.335e-11,3.318e-14,87.16,39,-1,2.618e6,8.652e-11,73.6,0.02822
9.417e13,579700.0,263.1,78030.0,-2.025,8.287e-10,6.107e-10,1.856,39,-1,1.487e8,2.932e-9,276100.0,57510.0
7.032e11,319000.0,245.2,294.8,-46.89,4.193e-10,3.614e-12,42.68,39,-1,4.188e6,5.74e-10,403.6,2.541
7.391e12,429000.0,263.9,4955.0,42.63,6.704e-10,2.52e-11,16.7,39,-1,1.944e7,1.629e-9,12040.0,186.3
7.662e11,301700.0,237.9,132.6,-55.95,1.73e-10,5.472e-13,53.81,39,-1,4.35e6,2.073e-10,158.8,0.4192
8.197e11,397300.0,291.8,133.9,-17.4,1.633e-10,5.747e-11,12.99,39,-1,4.084e6,1.776e-10,145.6,47.11
4.303e12,491300.0,293.4,6754.0,14.71,1.569e-9,1.732e-9,1.856,39,-1,1.141e7,4.558e-9,19610.0,7455.0
3.859e12,494100.0,263.0,8569.0,-38.79,2.22e-9,1.329e-10,31.54,39,-1,9.894e6,6.285e-9,24250.0,512.7
1.535e12,449900.0,295.1,4310.0,-6.778,2.808e-9,6.507e-9,1.856,39,-1,5.807e6,1.67e-8,25640.0,9985.0
8.507e11,409200.0,216.1,60.9,-87.16,7.159e-11,3.655e-14,87.16,40,-1,2.618e6,1.043e-10,88.73,0.03109
3.53e12,466600.0,258.1,5974.0,-37.11,1.693e-9,9.257e-11,27.83,40,-1,8.926e6,4.926e-9,17390.0,326.7
3.434e12,509200.0,291.1,17200.0,0.3705,5.01e-9,1.461e-8,1.856,40,-1,9.143e6,4.896e-8,168100.0,50180.0
5.948e13,681700.0,252.8,59870.0,48.1,1.007e-9,5.16e-10,1.856,40,-1,8.0e7,3.451e-9,205200.0,30690.0
1.99e12,409000.0,274.5,2271.0,34.09,1.141e-9,9.62e-11,31.54,40,-1,7.341e6,1.759e-9,3500.0,191.4
3.385e12,432700.0,287.7,5785.0,-16.83,1.709e-9,4.657e-9,1.856,40,-1,1.3e7,1.439e-8,48690.0,15760.0
4.139e11,323200.0,229.8,53.07,-61.23,1.282e-10,1.933e-13,61.23,40,-1,2.799e6,1.624e-10,67.21,0.08001
3.632e12,434700.0,285.0,3020.0,-20.88,8.315e-10,1.633e-9,1.856,40,-1,1.279e7,5.179e-9,18810.0,5929.0
1.498e12,424300.0,292.9,237.0,-14.17,1.582e-10,6.371e-11,9.278,40,-1,5.747e6,1.73e-10,259.2,95.44
5.938e12,375800.0,243.7,5687.0,-49.77,9.576e-10,3.551e-11,35.26,40,-1,2.018e7,2.837e-9,16840.0,210.9
1.54e12,431500.0,293.0,5904.0,-5.142,3.833e-9,1.121e-8,1.856,40,-1,5.814e6,3.385e-8,52140.0,17270.0
1.509e12,414900.0,279.5,507.7,-28.5,3.365e-10,3.767e-11,24.12,40,-1,5.407e6,3.85e-10,580.9,56.84
4.483e12,540800.0,292.3,13410.0,13.79,2.991e-9,6.264e-9,5.567,40,-1,9.804e6,1.821e-8,81650.0,28080.0
2.002e13,613400.0,253.1,13450.0,-41.68,6.716e-10,2.377e-11,24.12,40,-1,2.801e7,1.516e-9,30350.0,475.9
2.299e12,445200.0,275.0,3662.0,33.01,1.593e-9,1.649e-10,27.83,40,-1,7.506e6,2.758e-9,6341.0,379.1
8.507e11,409200.0,221.2,103.0,-87.16,1.21e-10,1.014e-13,87.16,1,-2,2.618e6,1.831e-10,155.8,0.08623
4.166e11,227100.0,230.3,65.71,-66.06,1.577e-10,2.607e-13,64.94,1,-2,2.993e6,2.053e-10,85.53,0.1086
8.727e13,1.455e6,281.3,100100.0,19.68,1.147e-9,9.696e-10,1.856,1,-2,5.543e7,3.513e-9,306600.0,84620.0
1.817e13,562600.0,238.1,17720.0,63.37,9.756e-10,5.626e-11,31.54,1,-2,2.763e7,3.138e-9,57010.0,1022.0
8.278e10,200700.0,234.3,11.72,-61.23,1.416e-10,3.084e-13,61.23,1,-2,1.227e6,1.708e-10,14.14,0.02553
3.043e11,368700.0,281.9,234.0,-27.83,7.689e-10,1.249e-10,27.83,1,-2,2.304e6,9.465e-10,288.0,38.0
8.289e11,349500.0,264.4,1678.0,-36.4,2.024e-9,1.153e-10,31.54,1,-2,4.481e6,5.57e-9,4617.0,95.55
1.287e12,373500.0,279.4,1414.0,33.46,1.099e-9,1.401e-10,27.83,1,-2,6.775e6,1.989e-9,2559.0,180.4
1.508e13,659800.0,280.2,4735.0,-28.08,3.14e-10,4.674e-11,9.278,1,-2,2.38e7,5.978e-10,9013.0,704.7
1.57e11,380600.0,291.1,18.42,24.12,1.173e-10,3.804e-11,24.12,1,-2,1.593e6,1.264e-10,19.85,5.973
3.503e12,496400.0,292.1,991.4,21.38,2.83e-10,1.295e-10,12.99,1,-2,9.601e6,3.274e-10,1147.0,453.6
4.193e12,375100.0,221.1,490.3,-78.77,1.169e-10,1.014e-13,64.94,2,-2,1.205e7,1.756e-10,736.2,0.4254
1.035e14,968500.0,269.7,113600.0,25.86,1.098e-9,9.314e-10,1.856,2,-2,1.02e8,3.891e-9,402700.0,96380.0
9.483e11,329100.0,249.0,505.6,-46.26,5.332e-10,7.715e-12,42.68,2,-2,4.776e6,8.333e-10,790.2,7.316
1.584e13,695800.0,264.7,24050.0,41.96,1.519e-9,1.152e-10,24.12,2,-2,2.149e7,4.827e-9,76450.0,1824.0
2.146e12,346200.0,224.4,294.8,-70.95,1.374e-10,1.484e-13,68.65,2,-2,6.916e6,1.973e-10,423.4,0.3186
1.521e11,368700.0,281.1,74.8,-27.83,4.917e-10,6.981e-11,27.83,2,-2,1.569e6,5.691e-10,86.59,10.62
8.507e11,409200.0,219.6,84.29,-87.16,9.909e-11,6.993e-14,87.16,3,-2,2.618e6,1.459e-10,124.1,0.05949
1.133e14,1.266e6,289.8,133200.0,3.437,1.175e-9,1.278e-9,1.856,3,-2,8.703e7,3.676e-9,416700.0,144900.0
8.507e11,409200.0,224.2,104.8,87.16,1.232e-10,1.248e-13,87.16,3,-2,2.618e6,1.711e-10,145.5,0.1061
6.864e11,412700.0,291.2,3557.0,3.707,5.182e-9,1.612e-8,1.856,3,-2,3.329e6,5.3e-8,36380.0,11060.0
2.622e12,382200.0,230.9,627.0,71.12,2.392e-10,7.149e-13,64.94,3,-2,7.86e6,3.972e-10,1041.0,1.874
4.129e12,425400.0,237.0,1692.0,-55.9,4.099e-10,1.092e-11,38.97,3,-2,1.126e7,1.194e-9,4930.0,45.07
5.137e11,412700.0,296.2,109.4,-5.567,2.129e-10,1.224e-10,5.567,3,-2,3.322e6,2.375e-10,122.0,62.86
1.133e12,339100.0,243.4,1581.0,59.36,1.395e-9,2.061e-11,53.81,3,-2,6.177e6,4.47e-9,5066.0,23.36
4.242e12,486900.0,240.5,1053.0,-50.84,2.481e-10,1.976e-12,38.97,3,-2,9.837e6,3.209e-10,1361.0,8.383
7.807e13,1.069e6,253.3,55130.0,-44.85,7.061e-10,7.873e-10,1.856,4,-2,7.339e7,2.652e-9,207100.0,61470.0
3.379e12,449900.0,289.9,5720.0,19.2,1.693e-9,1.993e-9,9.278,4,-2,9.734e6,5.533e-9,18690.0,6734.0
8.507e11,409200.0,225.9,120.3,87.16,1.414e-10,1.661e-13,87.16,4,-2,2.618e6,1.961e-10,166.8,0.1413
5.607e12,519900.0,285.0,1852.0,-26.67,3.304e-10,6.417e-11,12.99,4,-2,1.257e7,4.38e-10,2456.0,359.8
2.493e12,453000.0,294.5,3779.0,14.12,1.516e-9,1.427e-9,9.278,4,-2,8.203e6,3.22e-9,8030.0,3558.0
1.466e11,355300.0,278.8,251.6,31.54,1.716e-9,2.607e-10,31.54,4,-2,1.542e6,2.627e-9,385.1,38.23
3.492e13,892100.0,285.8,62360.0,16.11,1.786e-9,2.26e-9,1.856,4,-2,3.676e7,7.253e-9,253300.0,78920.0
1.117e13,523300.0,224.2,1222.0,-70.16,1.095e-10,1.422e-13,53.81,5,-2,2.082e7,1.483e-10,1655.0,1.588
1.018e14,1.054e6,268.8,100900.0,30.87,9.907e-10,4.902e-10,1.856,5,-2,8.834e7,2.811e-9,286200.0,49910.0
5.767e11,304500.0,245.8,109.6,-47.81,1.901e-10,1.151e-12,46.39,5,-2,3.335e6,2.186e-10,126.0,0.6639
4.094e12,517900.0,292.6,19770.0,5.06,4.83e-9,1.66e-8,1.856,5,-2,1.076e7,4.986e-8,204100.0,67970.0
1.032e12,412700.0,291.6,5600.0,0.6185,5.428e-9,2.872e-8,1.856,5,-2,4.998e6,9.076e-8,93640.0,29630.0
2.773e12,483800.0,281.9,1527.0,-26.06,5.505e-10,8.225e-11,20.41,5,-2,7.798e6,7.065e-10,1959.0,228.1
1.317e12,313000.0,257.2,3643.0,45.36,2.765e-9,1.772e-10,38.97,5,-2,7.084e6,1.174e-8,15470.0,233.4
8.507e11,409200.0,219.2,91.6,-87.16,1.077e-10,7.741e-14,87.16,6,-2,2.618e6,1.663e-10,141.4,0.06585
6.19e13,980700.0,243.7,63730.0,54.63,1.029e-9,7.768e-11,12.99,6,-2,5.956e7,3.527e-9,218300.0,4808.0
5.497e12,533800.0,270.3,5892.0,-34.21,1.072e-9,6.193e-11,24.12,6,-2,1.169e7,2.645e-9,14540.0,340.4
1.373e12,434900.0,291.9,7209.0,-2.314,5.249e-9,2.007e-8,1.856,6,-2,4.991e6,6.227e-8,85530.0,27570.0
5.214e13,671700.0,282.7,80910.0,-3.688,1.552e-9,2.162e-9,1.856,6,-2,7.803e7,6.962e-9,363000.0,112800.0
5.975e11,362000.0,281.5,514.3,29.65,8.608e-10,1.336e-10,27.83,6,-2,3.109e6,1.096e-9,654.9,79.82
5.144e11,412700.0,291.2,2720.0,4.326,5.288e-9,2.021e-8,1.856,6,-2,3.328e6,6.646e-8,34190.0,10400.0
1.164e14,1.206e6,260.9,112700.0,-34.86,9.682e-10,8.706e-10,1.856,7,-2,8.648e7,3.205e-9,373100.0,101400.0
8.507e11,409200.0,226.4,106.9,87.16,1.257e-10,1.478e-13,87.16,7,-2,2.618e6,1.67e-10,142.1,0.1257
1.521e11,368700.0,285.3,25.03,-27.83,1.645e-10,3.21e-11,27.83,7,-2,1.569e6,1.789e-10,27.22,4.884
8.119e11,393600.0,291.1,1306.0,-18.84,1.609e-9,9.496e-10,12.99,7,-2,4.899e6,2.914e-9,2366.0,771.0
3.723e12,528200.0,295.0,9218.0,9.217,2.476e-9,6.082e-9,1.856,7,-2,9.065e6,1.649e-8,61410.0,22650.0
5.277e12,557000.0,287.8,2176.0,24.77,4.123e-10,1.75e-10,12.99,7,-2,1.167e7,5.453e-10,2878.0,923.7
5.072e11,409800.0,295.3,142.1,-10.5,2.801e-10,1.38e-10,9.278,7,-2,3.306e6,3.127e-10,158.6,70.01
2.48e12,371500.0,277.5,2583.0,30.43,1.041e-9,9.778e-11,20.41,7,-2,8.594e6,3.221e-9,7988.0,242.5
1.365e12,433000.0,295.8,2635.0,6.467,1.93e-9,3.272e-9,1.856,7,-2,5.811e6,7.934e-9,10830.0,4466.0
8.507e11,409200.0,219.0,83.99,-87.16,9.873e-11,6.753e-14,87.16,8,-2,2.618e6,1.479e-10,125.8,0.05745
1.177e14,803500.0,274.7,134600.0,21.54,1.144e-9,8.55e-10,1.856,8,-2,1.255e8,2.936e-9,345600.0,100600.0
6.593e12,494500.0,292.0,21610.0,5.089,3.277e-9,4.761e-9,1.856,8,-2,1.725e7,1.544e-8,101800.0,31390.0
6.951e11,336900.0,271.6,1378.0,35.9,1.982e-9,1.773e-10,31.54,8,-2,4.498e6,3.761e-9,2614.0,123.2
3.037e12,451100.0,255.9,6373.0,-42.32,2.099e-9,9.799e-11,35.26,8,-2,8.73e6,6.999e-9,21260.0,297.6
8.276e10,100300.0,223.6,8.999,-76.07,1.087e-10,1.016e-13,76.07,8,-2,1.213e6,1.474e-10,12.2,0.008411
5.567e13,904300.0,256.4,50100.0,-40.8,8.999e-10,1.236e-9,1.856,9,-2,5.315e7,3.772e-9,210000.0,68810.0
8.507e11,409200.0,224.0,103.5,87.16,1.217e-10,1.211e-13,87.16,9,-2,2.618e6,1.69e-10,143.8,0.103
4.339e12,570500.0,294.5,6636.0,-12.87,1.529e-9,3.768e-9,1.856,9,-2,9.806e6,1.031e-8,44730.0,16350.0
1.648e11,399400.0,294.2,13.32,16.7,8.081e-11,3.458e-11,16.7,9,-2,1.632e6,8.654e-11,14.26,5.698
6.989e13,817600.0,280.3,104200.0,12.08,1.492e-9,1.56e-9,1.856,9,-2,7.609e7,5.1e-9,356400.0,109100.0
5.652e13,759100.0,249.7,41090.0,-47.54,7.27e-10,6.064e-10,1.856,10,-2,6.102e7,2.665e-9,150600.0,34270.0
7.014e13,721000.0,271.0,93520.0,16.55,1.333e-9,1.15e-9,1.856,10,-2,8.516e7,4.976e-9,349000.0,80690.0
8.507e11,409200.0,224.5,109.3,87.16,1.285e-10,1.345e-13,87.16,10,-2,2.618e6,1.793e-10,152.6,0.1144
6.749e11,408900.0,295.8,585.5,-11.12,8.675e-10,5.845e-10,9.278,10,-2,3.3e6,1.192e-9,804.2,394.5
1.612e11,390800.0,290.9,34.59,20.41,2.145e-10,6.977e-11,20.41,10,-2,1.614e6,2.353e-10,37.94,11.25
3.324e11,402900.0,292.9,181.9,14.83,5.472e-10,2.247e-10,12.99,10,-2,2.472e6,6.388e-10,212.4,74.7
9.869e13,808000.0,271.7,88270.0,-22.03,8.944e-10,7.412e-10,1.856,11,-2,1.015e8,2.41e-9,237800.0,73160.0
2.126e13,672800.0,236.1,19010.0,62.59,8.945e-10,4.732e-11,31.54,11,-2,2.604e7,3.648e-9,77540.0,1006.0
1.016e11,246200.0,247.9,149.9,53.81,1.476e-9,2.159e-11,53.81,11,-2,1.319e6,3.509e-9,356.4,2.193
9.366e11,407800.0,286.7,299.8,-24.69,3.201e-10,7.658e-11,20.41,11,-2,4.763e6,3.604e-10,337.5,71.72
1.328e12,445200.0,295.2,802.9,14.8,6.045e-10,3.799e-10,9.278,11,-2,6.548e6,8.368e-10,1111.0,504.6
2.115e12,398100.0,259.7,6614.0,43.32,3.127e-9,2.736e-10,38.97,11,-2,7.539e6,1.392e-8,29440.0,578.8
3.439e11,412700.0,293.8,1618.0,-1.856,4.705e-9,1.034e-8,1.856,11,-2,2.5e6,2.682e-8,9224.0,3554.0
1.494e12,423500.0,295.1,549.9,15.02,3.681e-10,2.043e-10,12.99,11,-2,6.527e6,4.338e-10,648.1,305.2
8.507e11,409200.0,220.2,100.4,-87.16,1.18e-10,9.301e-14,87.16,12,-2,2.618e6,1.827e-10,155.4,0.07912
1.241e14,999900.0,274.5,132900.0,19.08,1.071e-9,8.067e-10,1.856,12,-2,1.137e8,3.365e-9,417600.0,100100.0
7.032e11,319000.0,252.6,1721.0,46.89,2.447e-9,1.005e-10,42.68,12,-2,4.188e6,1.047e-8,7362.0,70.7
1.103e11,267400.0,251.0,254.5,50.1,2.306e-9,7.952e-11,50.1,12,-2,1.363e6,9.769e-9,1078.0,8.775
1.886e12,482900.0,292.1,9376.0,1.846,4.97e-9,1.384e-8,1.856,12,-2,6.651e6,4.267e-8,80500.0,26110.0
5.742e11,347900.0,270.5,1171.0,-33.36,2.039e-9,1.749e-10,31.54,12,-2,3.745e6,4.21e-9,2417.0,100.4
1.448e12,366200.0,220.8,168.4,-83.82,1.163e-10,9.539e-14,76.07,13,-2,5.93e6,1.755e-10,254.1,0.1382
1.236e14,841900.0,279.9,158100.0,15.47,1.279e-9,1.32e-9,1.856,13,-2,1.174e8,4.285e-9,529400.0,163100.0
7.342e12,594400.0,290.8,17420.0,15.61,2.372e-9,5.051e-9,1.856,13,-2,1.379e7,1.495e-8,109800.0,37090.0
8.507e11,409200.0,220.2,93.47,-87.16,1.099e-10,8.367e-14,87.16,14,-2,2.618e6,1.653e-10,140.6,0.07118
1.264e14,934300.0,277.7,169900.0,11.84,1.344e-9,1.539e-9,1.856,14,-2,1.225e8,5.536e-9,700000.0,194600.0
3.174e12,405500.0,224.3,458.7,80.99,1.445e-10,1.58e-13,72.36,14,-2,8.268e6,2.138e-10,678.5,0.5015
3.638e11,293900.0,253.4,654.6,-45.1,1.799e-9,6.676e-11,42.68,14,-2,2.826e6,5.887e-9,2142.0,24.29
1.502e13,465800.0,234.8,9912.0,-59.04,6.598e-10,2.849e-11,35.26,15,-2,3.015e7,2.18e-9,32750.0,428.0
2.99e13,663000.0,265.4,32040.0,-35.37,1.071e-9,1.496e-9,1.856,15,-2,4.464e7,5.622e-9,168100.0,44750.0
8.507e11,409200.0,226.8,120.1,87.16,1.411e-10,1.761e-13,87.16,15,-2,2.618e6,1.915e-10,162.9,0.1498
7.478e13,789800.0,287.0,125900.0,5.894,1.684e-9,2.741e-9,1.856,15,-2,9.875e7,7.643e-9,571600.0,205000.0
2.373e11,287600.0,251.0,70.58,-46.39,2.974e-10,2.834e-12,46.39,15,-2,1.974e6,3.488e-10,82.78,0.6726
1.884e12,391200.0,277.9,1718.0,32.23,9.119e-10,8.189e-11,27.83,15,-2,6.83e6,1.805e-9,3400.0,154.3
3.533e13,955900.0,225.0,4532.0,-62.21,1.283e-10,1.208e-12,35.26,16,-2,3.221e7,1.948e-10,6884.0,42.68
8.507e11,409200.0,220.5,77.57,87.16,9.118e-11,6.646e-14,87.16,16,-2,2.618e6,1.271e-10,108.2,0.05653
1.648e11,399400.0,292.3,19.61,-16.7,1.19e-10,4.306e-11,16.7,16,-2,1.632e6,1.283e-10,21.14,7.096
1.612e11,390800.0,288.1,24.12,-20.41,1.496e-10,3.724e-11,20.41,16,-2,1.614e6,1.622e-10,26.15,6.005
4.031e12,517400.0,289.8,14100.0,11.03,3.499e-9,3.837e-9,1.856,16,-2,1.068e7,1.408e-8,56740.0,15470.0
7.922e13,813600.0,272.3,77690.0,18.95,9.807e-10,6.888e-10,1.856,16,-2,9.142e7,2.905e-9,230200.0,54560.0
1.041e12,306300.0,241.6,300.5,-52.44,2.887e-10,2.517e-12,46.39,16,-2,5.315e6,4.391e-10,457.0,2.62
1.648e11,399400.0,293.1,135.5,16.7,8.22e-10,3.647e-10,16.7,16,-2,1.632e6,1.01e-9,166.5,60.09
1.72e11,412700.0,290.4,924.8,-1.856,5.378e-9,2.181e-8,1.856,16,-2,1.667e6,7.685e-8,13220.0,3750.0
2.709e12,458800.0,294.2,6359.0,-9.717,2.347e-9,4.123e-9,5.567,16,-2,8.228e6,1.219e-8,33040.0,11170.0
6.062e12,494800.0,218.7,611.4,-76.42,1.008e-10,7.362e-14,64.94,17,-2,1.131e7,1.541e-10,934.1,0.4463
1.209e14,997600.0,267.9,170000.0,31.56,1.407e-9,1.35e-9,1.856,17,-2,1.108e8,5.303e-9,640900.0,163200.0
1.648e11,399400.0,290.6,34.96,-16.7,2.122e-10,6.682e-11,16.7,17,-2,1.632e6,2.326e-10,38.32,11.01
2.988e11,362000.0,273.9,269.1,-29.65,9.009e-10,6.812e-11,27.83,17,-2,2.389e6,1.228e-9,367.0,20.35
2.162e12,364900.0,259.6,3277.0,-37.28,1.516e-9,7.03e-11,27.83,17,-2,9.494e6,3.877e-9,8382.0,152.0
8.507e11,409200.0,217.5,70.82,-87.16,8.325e-11,4.887e-14,87.16,18,-2,2.618e6,1.225e-10,104.2,0.04157
2.51e13,902900.0,276.5,45880.0,28.24,1.828e-9,1.81e-9,1.856,18,-2,2.669e7,7.348e-9,184500.0,45450.0
4.668e13,534900.0,267.8,63380.0,37.08,1.358e-9,1.532e-9,1.856,18,-2,7.474e7,5.377e-9,251000.0,71520.0
1.532e12,430000.0,293.9,3597.0,-7.18,2.347e-9,5.378e-9,1.856,18,-2,5.805e6,1.562e-8,23930.0,8242.0
4.108e13,875600.0,290.8,84410.0,1.544,2.055e-9,2.267e-9,1.856,18,-2,4.952e7,6.72e-9,276100.0,93110.0
8.801e12,580600.0,236.0,1831.0,-53.38,2.081e-10,1.666e-12,42.68,18,-2,1.626e7,4.1e-10,3608.0,14.66
8.507e11,409200.0,216.5,63.59,-87.16,7.476e-11,3.965e-14,87.16,19,-2,2.618e6,1.094e-10,93.03,0.03373
1.246e14,1.171e6,257.4,154500.0,40.06,1.24e-9,6.439e-10,1.856,19,-2,9.365e7,4.534e-9,564900.0,80210.0
1.265e11,306500.0,252.9,65.26,-42.68,5.16e-10,6.245e-12,42.68,19,-2,1.442e6,6.449e-10,81.56,0.7899
1.212e12,339900.0,243.4,411.2,-49.89,3.393e-10,4.919e-12,46.39,19,-2,5.644e6,8.08e-10,979.2,5.961
6.01e12,452100.0,232.9,2434.0,-57.22,4.05e-10,8.511e-12,38.97,19,-2,1.679e7,1.094e-9,6572.0,51.15
6.52e11,395100.0,290.7,888.2,18.54,1.362e-9,5.733e-10,16.7,19,-2,3.244e6,1.964e-9,1281.0,373.8
8.507e11,409200.0,221.2,103.9,-87.16,1.221e-10,1.03e-13,87.16,20,-2,2.618e6,1.848e-10,157.2,0.08766
8.815e13,1.125e6,283.1,73830.0,6.983,8.375e-10,5.575e-10,1.856,20,-2,7.21e7,2.301e-9,202800.0,49150.0
2.992e13,984800.0,238.9,18530.0,61.67,6.193e-10,1.933e-11,20.41,20,-2,3.043e7,1.824e-9,54560.0,578.4
1.0e13,591900.0,247.8,12150.0,-46.2,1.215e-9,6.392e-11,38.97,20,-2,1.627e7,5.111e-9,51120.0,639.2
1.87e12,464600.0,294.1,5572.0,7.891,2.98e-9,8.095e-9,1.856,20,-2,5.794e6,2.273e-8,42500.0,15140.0
2.258e13,596900.0,225.7,3536.0,-62.69,1.566e-10,1.922e-12,38.97,21,-2,3.334e7,3.006e-10,6787.0,43.39
5.849e12,502500.0,257.0,3786.0,-38.98,6.474e-10,2.092e-11,24.12,21,-2,1.234e7,1.386e-9,8105.0,122.3
1.039e14,1.525e6,262.9,123200.0,37.0,1.186e-9,1.213e-9,1.856,21,-2,6.424e7,5.226e-9,542800.0,126000.0
1.127e12,393400.0,289.3,1763.0,20.36,1.563e-9,7.397e-10,16.7,21,-2,5.625e6,2.639e-9,2975.0,833.9
1.884e12,444800.0,291.1,7971.0,2.853,4.231e-9,8.988e-9,1.856,21,-2,6.648e6,3.128e-8,58930.0,16940.0
1.103e14,898100.0,274.6,151300.0,-25.15,1.371e-9,2.084e-9,1.856,22,-2,1.242e8,5.811e-9,641000.0,229900.0
8.507e11,409200.0,226.0,111.9,87.16,1.316e-10,1.527e-13,87.16,22,-2,2.618e6,1.782e-10,151.6,0.1299
9.045e12,524000.0,292.8,8575.0,-0.9218,9.48e-10,7.683e-10,1.856,22,-2,2.038e7,1.944e-9,17580.0,6949.0
5.294e12,570800.0,288.8,1594.0,23.86,3.011e-10,1.641e-10,9.278,22,-2,1.112e7,4.056e-10,2147.0,868.7
3.074e12,432400.0,244.1,3847.0,57.6,1.251e-9,1.834e-11,50.1,22,-2,8.03e6,3.317e-9,10200.0,56.37
8.507e11,409200.0,220.6,93.45,-87.16,1.099e-10,8.572e-14,87.16,23,-2,2.618e6,1.628e-10,138.5,0.07292
1.456e13,698100.0,287.0,26860.0,19.97,1.845e-9,2.847e-9,1.856,23,-2,2.102e7,8.921e-9,129900.0,41450.0
8.507e11,409200.0,224.0,109.0,87.16,1.282e-10,1.291e-13,87.16,23,-2,2.618e6,1.812e-10,154.1,0.1098
3.571e12,416900.0,264.0,3918.0,-36.0,1.097e-9,6.302e-11,27.83,23,-2,1.089e7,2.345e-9,8373.0,225.1
6.822e13,1.147e6,275.7,96310.0,25.81,1.412e-9,1.219e-9,1.856,23,-2,5.553e7,4.497e-9,306800.0,83180.0
4.004e12,471100.0,250.1,5048.0,-44.82,1.261e-9,4.99e-11,38.97,23,-2,1.142e7,4.372e-9,17510.0,199.8
1.612e11,390800.0,291.3,354.7,20.41,2.2e-9,1.146e-9,20.41,23,-2,1.614e6,3.735e-9,602.2,184.7
1.999e13,644900.0,255.4,30140.0,48.2,1.508e-9,7.419e-11,20.41,23,-2,2.903e7,5.045e-9,100800.0,1483.0
2.373e11,287600.0,250.5,86.94,-46.39,3.663e-10,3.42e-12,46.39,23,-2,1.974e6,4.408e-10,104.6,0.8117
1.405e13,653400.0,290.7,16860.0,-15.01,1.2e-9,1.924e-9,1.856,23,-2,2.1e7,5.455e-9,76620.0,27020.0
8.507e11,409200.0,221.6,100.9,-87.16,1.186e-10,1.01e-13,87.16,24,-2,2.618e6,1.749e-10,148.8,0.08588
5.108e11,411900.0,295.4,1045.0,-8.034,2.046e-9,3.23e-9,5.567,24,-2,3.315e6,7.808e-9,3988.0,1650.0
1.191e14,1.008e6,267.4,116400.0,27.65,9.771e-10,9.89e-10,1.856,24,-2,1.141e8,3.808e-9,453500.0,117800.0
1.24e12,359400.0,255.1,2532.0,-43.65,2.041e-9,1.135e-10,38.97,24,-2,5.441e6,7.672e-9,9515.0,140.8
2.742e11,332300.0,271.0,364.1,37.07,1.328e-9,8.986e-11,35.26,24,-2,2.328e6,2.102e-9,576.5,24.64
1.106e12,351400.0,254.6,2327.0,-44.22,2.103e-9,1.35e-10,38.97,24,-2,5.424e6,9.3e-9,10290.0,149.4
6.828e11,412700.0,294.1,2261.0,6.478,3.311e-9,4.963e-9,1.856,24,-2,4.15e6,1.429e-8,9757.0,3389.0
2.361e12,365200.0,268.2,1984.0,-34.42,8.404e-10,3.946e-11,16.7,24,-2,1.078e7,1.959e-9,4626.0,93.18
1.338e11,324200.0,265.8,367.5,38.97,2.747e-9,2.112e-10,38.97,24,-2,1.478e6,6.821e-9,912.4,28.25
8.507e11,409200.0,219.0,88.88,-87.16,1.045e-10,7.327e-14,87.16,25,-2,2.618e6,1.602e-10,136.3,0.06233
1.299e14,811600.0,262.3,168100.0,28.0,1.294e-9,6.573e-10,1.856,25,-2,1.374e8,4.537e-9,589300.0,85380.0
1.071e14,1.224e6,271.8,101900.0,-31.95,9.506e-10,9.113e-10,1.856,26,-2,6.458e7,2.715e-9,290900.0,97650.0
1.142e13,570100.0,244.3,13110.0,-52.65,1.149e-9,3.771e-11,38.97,26,-2,1.962e7,3.425e-9,39100.0,430.5
5.276e12,407300.0,230.0,1594.0,74.5,3.022e-10,1.325e-12,61.23,26,-2,1.262e7,5.785e-10,3052.0,6.991
6.443e11,390400.0,289.4,173.0,20.37,2.685e-10,7.922e-11,16.7,26,-2,4.059e6,3.001e-10,193.3,51.04
9.237e10,223900.0,247.2,115.8,57.52,1.253e-9,1.495e-11,57.52,26,-2,1.274e6,2.592e-9,239.4,1.381
1.187e11,287600.0,255.9,294.9,46.39,2.485e-9,1.004e-10,46.39,26,-2,1.404e6,7.904e-9,937.8,11.91
8.656e12,570400.0,293.1,34550.0,-4.243,3.992e-9,1.263e-8,1.856,26,-2,1.734e7,3.643e-8,315400.0,109300.0
1.421e12,349100.0,247.1,2236.0,56.27,1.574e-9,2.911e-11,50.1,26,-2,6.037e6,4.444e-9,6314.0,41.36
1.169e12,354200.0,275.8,1429.0,31.32,1.222e-9,1.181e-10,24.12,26,-2,6.267e6,2.872e-9,3359.0,138.1
8.507e11,409200.0,217.2,73.79,-87.16,8.675e-11,5.111e-14,87.16,27,-2,2.618e6,1.311e-10,111.5,0.04348
7.073e13,892500.0,274.4,78760.0,-10.1,1.114e-9,1.164e-9,1.856,27,-2,7.353e7,4.158e-9,294100.0,82340.0
3.192e13,729200.0,232.9,21110.0,65.29,6.613e-10,1.288e-11,46.39,27,-2,3.175e7,2.151e-9,68650.0,411.3
3.292e12,426700.0,293.7,4584.0,16.0,1.393e-9,1.551e-9,9.278,27,-2,1.141e7,3.839e-9,12640.0,5104.0
1.095e12,291500.0,223.7,142.8,-68.97,1.305e-10,1.324e-13,64.94,27,-2,5.062e6,1.885e-10,206.3,0.1449
1.844e13,595500.0,271.2,37990.0,31.42,2.059e-9,1.636e-9,1.856,27,-2,3.176e7,9.322e-9,171900.0,30180.0
1.421e12,401700.0,270.2,1502.0,-34.01,1.057e-9,5.786e-11,27.83,27,-2,6.067e6,1.75e-9,2487.0,82.24
5.13e11,413100.0,295.6,844.0,-5.551,1.645e-9,1.828e-9,1.856,27,-2,3.328e6,4.425e-9,2270.0,937.9
4.202e13,767100.0,227.9,11240.0,-62.37,2.676e-10,7.738e-12,35.26,28,-2,4.978e7,6.349e-10,26680.0,325.2
7.781e13,1.092e6,281.1,76320.0,3.271,9.809e-10,8.068e-10,1.856,28,-2,6.247e7,3.059e-9,238000.0,62770.0
8.507e11,409200.0,224.4,103.0,87.16,1.211e-10,1.232e-13,87.16,28,-2,2.618e6,1.663e-10,141.4,0.1048
2.736e12,482100.0,292.3,11300.0,-3.22,4.129e-9,7.634e-9,1.856,28,-2,8.297e6,2.377e-8,65030.0,20890.0
3.188e12,465100.0,293.6,5517.0,-10.9,1.731e-9,2.558e-9,1.856,28,-2,9.844e6,7.345e-9,23410.0,8155.0
1.712e11,412700.0,291.4,618.5,5.567,3.612e-9,3.113e-9,5.567,28,-2,1.663e6,1.005e-8,1721.0,533.1
3.092e11,374600.0,284.8,80.74,-25.95,2.612e-10,4.992e-11,24.12,28,-2,2.414e6,2.891e-10,89.37,15.43
2.133e12,409300.0,250.4,4470.0,51.24,2.096e-9,7.279e-11,46.39,28,-2,6.404e6,7.699e-9,16420.0,155.2
1.627e12,429000.0,291.8,700.5,18.47,4.305e-10,1.598e-10,12.99,28,-2,6.479e6,5.022e-10,817.3,260.0
8.507e11,409200.0,219.3,68.46,-87.16,8.048e-11,5.201e-14,87.16,29,-2,2.618e6,1.112e-10,94.59,0.04424
1.211e14,1.158e6,271.8,100800.0,-8.924,8.325e-10,1.118e-9,1.856,29,-2,9.819e7,3.665e-9,443700.0,135300.0
8.507e11,409200.0,225.8,112.0,87.16,1.317e-10,1.508e-13,87.16,29,-2,2.618e6,1.79e-10,152.3,0.1283
9.661e11,390200.0,291.5,243.6,-20.35,2.521e-10,8.702e-11,16.7,29,-2,4.055e6,2.793e-10,269.8,84.07
3.518e12,485500.0,293.8,11520.0,12.78,3.275e-9,5.045e-9,9.278,29,-2,9.797e6,1.328e-8,46720.0,17750.0
1.265e11,306500.0,254.6,172.8,-42.68,1.366e-9,2.635e-11,42.68,29,-2,1.442e6,2.347e-9,296.8,3.333
1.338e11,324200.0,260.1,366.2,-38.97,2.738e-9,1.526e-10,38.97,29,-2,1.478e6,8.235e-9,1102.0,20.41
1.72e11,412700.0,291.7,932.9,1.856,5.426e-9,2.662e-8,1.856,29,-2,1.667e6,8.374e-8,14400.0,4578.0
1.022e12,411600.0,294.3,3360.0,-7.394,3.289e-9,8.555e-9,1.856,29,-2,4.981e6,2.4e-8,24520.0,8740.0
1.18e12,410500.0,295.3,877.5,-11.39,7.437e-10,5.064e-10,9.278,29,-2,4.928e6,1.156e-9,1364.0,597.5
2.545e12,423900.0,250.2,1832.0,-47.16,7.2e-10,2.782e-11,38.97,29,-2,7.481e6,1.801e-9,4583.0,70.81
8.507e11,409200.0,219.7,87.44,-87.16,1.028e-10,7.438e-14,87.16,30,-2,2.618e6,1.529e-10,130.0,0.06327
4.277e12,390400.0,227.0,637.5,77.55,1.491e-10,1.983e-13,68.65,30,-2,1.078e7,2.062e-10,882.0,0.8481
5.356e12,563500.0,293.2,9501.0,-10.56,1.774e-9,2.82e-9,1.856,30,-2,1.15e7,7.768e-9,41600.0,15100.0
1.035e14,818700.0,279.6,88080.0,-15.99,8.509e-10,7.728e-10,1.856,30,-2,1.147e8,2.33e-9,241200.0,80000.0
1.301e13,645300.0,286.5,21810.0,20.7,1.677e-9,3.376e-9,1.856,30,-2,2.159e7,9.66e-9,125600.0,43910.0
1.22e13,424600.0,233.7,6587.0,-58.01,5.397e-10,1.83e-11,35.26,31,-2,2.487e7,1.753e-9,21400.0,223.3
2.2e13,673400.0,233.0,9749.0,-52.58,4.432e-10,1.808e-11,31.54,31,-2,3.096e7,1.327e-9,29200.0,397.7
1.541e13,529600.0,286.8,31150.0,19.65,2.022e-9,3.14e-9,1.856,31,-2,3.248e7,1.07e-8,164800.0,48370.0
8.507e11,409200.0,224.4,100.9,87.16,1.187e-10,1.2e-13,87.16,31,-2,2.618e6,1.622e-10,138.0,0.1021
6.332e13,951700.0,286.6,112600.0,8.115,1.778e-9,2.116e-9,1.856,31,-2,5.881e7,7.164e-9,453600.0,134000.0
5.12e12,415700.0,253.2,4687.0,-40.5,9.156e-10,3.172e-11,27.83,31,-2,1.63e7,2.041e-9,10450.0,162.4
7.831e12,631200.0,287.4,3426.0,-20.62,4.374e-10,2.537e-10,9.278,31,-2,1.348e7,7.38e-10,5780.0,1987.0
1.03e14,833600.0,268.6,87420.0,-27.97,8.486e-10,9.427e-10,1.856,32,-2,1.02e8,2.815e-9,289900.0,97110.0
8.507e11,409200.0,224.5,108.0,87.16,1.27e-10,1.322e-13,87.16,32,-2,2.618e6,1.764e-10,150.1,0.1125
5.451e12,425100.0,243.1,6689.0,59.77,1.227e-9,3.314e-11,46.39,32,-2,1.253e7,3.643e-9,19860.0,180.7
2.675e11,324200.0,264.7,888.9,-38.97,3.323e-9,3.51e-10,38.97,32,-2,2.123e6,1.275e-8,3410.0,93.91
3.654e12,470300.0,293.7,5805.0,-12.74,1.589e-9,3.251e-9,1.856,32,-2,1.069e7,8.642e-9,31580.0,11880.0
1.072e13,450000.0,253.4,11270.0,48.68,1.052e-9,3.504e-11,16.7,32,-2,2.803e7,3.533e-9,37870.0,375.6
1.57e11,380600.0,289.8,4.42,-24.12,2.815e-11,8.048e-12,24.12,32,-2,1.593e6,2.988e-11,4.691,1.264
3.783e12,489900.0,293.9,3481.0,-15.52,9.203e-10,1.705e-9,1.856,32,-2,1.06e7,4.259e-9,16110.0,6450.0
8.507e11,409200.0,218.3,78.22,-87.16,9.196e-11,5.882e-14,87.16,33,-2,2.618e6,1.372e-10,116.7,0.05004
2.01e13,625700.0,271.8,16490.0,-30.38,8.205e-10,8.147e-11,9.278,33,-2,3.846e7,1.954e-9,39270.0,1638.0
7.755e13,912800.0,251.4,67110.0,49.94,8.654e-10,1.007e-10,9.278,33,-2,5.816e7,2.626e-9,203700.0,7807.0
1.043e13,555000.0,293.5,26530.0,0.4576,2.543e-9,4.686e-9,1.856,33,-2,2.293e7,1.337e-8,139500.0,48880.0
6.155e12,502200.0,252.4,9797.0,-41.25,1.592e-9,9.43e-11,35.26,33,-2,1.351e7,6.042e-9,37190.0,580.4
5.456e12,511100.0,254.9,7040.0,-41.66,1.29e-9,5.836e-11,27.83,33,-2,1.242e7,3.536e-9,19290.0,318.4
6.784e11,410500.0,295.4,1139.0,9.258,1.679e-9,4.241e-9,5.567,33,-2,4.143e6,1.118e-8,7583.0,2877.0
3.836e12,509800.0,290.1,1457.0,20.62,3.798e-10,1.415e-10,9.278,33,-2,9.674e6,4.504e-10,1727.0,542.8
1.029e13,430200.0,232.6,3702.0,-63.11,3.598e-10,9.654e-12,38.97,34,-2,2.037e7,8.677e-10,8927.0,99.32
1.124e14,1.231e6,279.0,155700.0,20.73,1.385e-9,1.317e-9,1.856,34,-2,8.112e7,5.078e-9,570700.0,148000.0
8.507e11,409200.0,223.9,106.1,87.16,1.248e-10,1.243e-13,87.16,34,-2,2.618e6,1.753e-10,149.1,0.1057
8.963e11,378900.0,282.8,884.1,29.65,9.865e-10,1.828e-10,27.83,34,-2,3.83e6,1.265e-9,1134.0,163.8
1.612e11,390800.0,289.6,287.0,20.41,1.78e-9,7.13e-10,20.41,34,-2,1.614e6,2.714e-9,437.5,115.0
3.257e12,502300.0,282.9,329.2,-25.22,1.011e-10,1.406e-11,20.41,34,-2,7.827e6,1.1e-10,358.3,45.79
2.63e12,422900.0,249.8,1593.0,-43.07,6.057e-10,9.171e-12,38.97,34,-2,7.886e6,1.005e-9,2643.0,24.12
2.879e12,455800.0,293.2,6444.0,-8.786,2.238e-9,2.75e-9,1.856,34,-2,9.893e6,8.01e-9,23060.0,7917.0
2.143e13,476000.0,249.2,8136.0,-49.55,3.797e-10,1.754e-11,20.41,35,-2,4.066e7,6.493e-10,13910.0,375.8
1.072e14,1.084e6,257.9,128800.0,43.04,1.202e-9,8.95e-10,1.856,35,-2,8.237e7,4.743e-9,508300.0,95910.0
1.57e11,380600.0,284.6,8.437,-24.12,5.373e-11,9.586e-12,24.12,35,-2,1.593e6,5.729e-11,8.995,1.505
3.225e11,390800.0,289.7,17.01,-20.41,5.276e-11,1.483e-11,20.41,35,-2,2.394e6,5.626e-11,18.14,4.781
1.627e12,429000.0,291.0,255.9,-18.47,1.572e-10,6.046e-11,12.99,35,-2,6.479e6,1.727e-10,281.1,98.39
8.507e11,409200.0,217.4,71.1,-87.16,8.359e-11,4.898e-14,87.16,36,-2,2.618e6,1.236e-10,105.1,0.04166
1.049e14,1.078e6,258.7,126800.0,36.32,1.208e-9,7.88e-10,1.856,36,-2,1.102e8,4.397e-9,461300.0,82670.0
4.138e10,100300.0,221.3,3.212,-76.07,7.764e-11,5.665e-14,76.07,36,-2,1.023e6,1.014e-10,4.197,0.002344
2.59e12,469200.0,291.2,3720.0,19.41,1.436e-9,9.807e-10,12.99,36,-2,8.015e6,2.818e-9,7298.0,2540.0
3.214e12,392900.0,283.8,5909.0,24.33,1.839e-9,1.957e-9,5.567,36,-2,1.262e7,6.915e-9,22230.0,6291.0
8.425e11,409700.0,294.3,746.9,-11.49,8.865e-10,5.17e-10,9.278,36,-2,4.112e6,1.235e-9,1041.0,435.6
1.698e11,411500.0,291.6,833.8,9.278,4.91e-9,1.044e-8,9.278,36,-2,1.656e6,3.309e-8,5619.0,1772.0
3.353e11,406300.0,293.2,492.3,12.99,1.468e-9,8.203e-10,12.99,36,-2,2.457e6,2.235e-9,749.2,275.0
3.26e11,395100.0,290.0,439.8,18.54,1.349e-9,5.033e-10,16.7,36,-2,2.456e6,1.89e-9,616.3,164.1
1.164e13,671100.0,244.9,9579.0,-47.81,8.228e-10,2.818e-11,27.83,36,-2,1.866e7,2.596e-9,30230.0,328.1
5.682e13,1.048e6,252.0,43860.0,-46.57,7.719e-10,7.501e-10,5.567,37,-2,4.237e7,2.871e-9,163100.0,42620.0
7.156e13,710900.0,274.6,78880.0,-8.229,1.102e-9,8.997e-10,1.856,37,-2,1.027e8,3.619e-9,259000.0,64380.0
8.507e11,409200.0,226.5,119.1,87.16,1.4e-10,1.709e-13,87.16,37,-2,2.618e6,1.909e-10,162.4,0.1454
1.042e11,126300.0,222.1,10.78,-72.36,1.035e-10,8.625e-14,72.36,37,-2,1.318e6,1.435e-10,14.96,0.008987
6.52e11,395100.0,291.0,643.3,18.54,9.866e-10,3.806e-10,16.7,37,-2,3.244e6,1.283e-9,836.5,248.2
6.871e11,413700.0,292.9,3566.0,-0.9229,5.19e-9,1.976e-8,1.856,37,-2,4.164e6,5.668e-8,38950.0,13570.0
8.507e11,409200.0,217.5,65.91,-87.16,7.748e-11,4.45e-14,87.16,38,-2,2.618e6,1.116e-10,94.93,0.03785
9.158e12,503200.0,237.1,3636.0,-54.07,3.97e-10,1.67e-11,38.97,38,-2,2.084e7,1.244e-9,11390.0,152.9
4.651e13,797600.0,290.6,77740.0,8.227,1.671e-9,2.567e-9,1.856,38,-2,5.772e7,7.613e-9,354100.0,119400.0
8.507e11,409200.0,225.5,110.6,87.16,1.3e-10,1.457e-13,87.16,38,-2,2.618e6,1.773e-10,150.9,0.124
5.968e13,980500.0,276.6,71600.0,-11.95,1.2e-9,9.776e-10,1.856,38,-2,6.127e7,3.241e-9,193400.0,58340.0
2.301e12,455400.0,293.1,5855.0,16.62,2.544e-9,2.508e-9,9.278,38,-2,8.145e6,6.57e-9,15120.0,5772.0
3.089e12,457900.0,256.5,5906.0,-41.23,1.912e-9,8.699e-11,35.26,38,-2,8.915e6,5.776e-9,17840.0,268.7
7.024e11,383800.0,267.6,2423.0,-35.26,3.45e-9,4.441e-10,35.26,38,-2,4.222e6,1.226e-8,8613.0,311.9
2.582e12,387600.0,231.6,437.5,70.23,1.694e-10,3.199e-13,64.94,38,-2,7.231e6,2.212e-10,571.1,0.826
8.507e11,409200.0,217.4,61.14,-87.16,7.188e-11,4.01e-14,87.16,39,-2,2.618e6,1.01e-10,85.94,0.03411
1.208e14,738300.0,263.1,87770.0,-2.472,7.268e-10,4.892e-10,1.856,39,-2,1.271e8,2.221e-9,268200.0,59070.0
2.871e11,347900.0,276.0,349.4,33.36,1.217e-9,1.236e-10,31.54,39,-2,2.36e6,1.838e-9,527.8,35.47
2.148e12,431400.0,294.5,930.7,15.79,4.333e-10,2.581e-10,9.278,39,-2,8.114e6,5.64e-10,1211.0,554.5
3.306e12,467200.0,264.3,5689.0,-39.28,1.721e-9,8.574e-11,31.54,39,-2,8.613e6,3.981e-9,13160.0,283.5
3.432e11,412700.0,294.7,1545.0,-3.707,4.501e-9,1.135e-8,1.856,39,-2,2.498e6,2.867e-8,9840.0,3894.0
8.507e11,409200.0,216.2,63.66,-87.16,7.483e-11,3.913e-14,87.16,40,-2,2.618e6,1.106e-10,94.04,0.03328
1.061e14,1.252e6,258.8,121900.0,41.49,1.149e-9,9.571e-10,1.856,40,-2,7.79e7,4.495e-9,477100.0,101600.0
4.753e11,384000.0,284.3,57.77,-22.86,1.215e-10,2.092e-11,20.41,40,-2,3.196e6,1.314e-10,62.44,9.945
1.519e12,408300.0,292.6,886.1,-10.03,5.834e-10,3.169e-10,1.856,40,-2,6.598e6,8.094e-10,1229.0,481.3
1.575e12,384000.0,254.8,2186.0,-40.13,1.387e-9,4.921e-11,35.26,40,-2,6.29e6,3.599e-9,5670.0,77.53
1.499e12,403700.0,274.9,1311.0,-29.26,8.745e-10,7.451e-11,24.12,40,-2,6.104e6,1.361e-9,2040.0,111.7
2.131e13,732800.0,252.0,17010.0,-40.14,7.981e-10,2.866e-11,20.41,40,-2,2.463e7,1.907e-9,40630.0,610.8
8.507e11,409200.0,219.7,97.07,-87.16,1.141e-10,8.61e-14,87.16,1,-3,2.618e6,1.778e-10,151.3,0.07324
1.319e14,1.474e6,269.3,106600.0,30.06,8.084e-10,4.255e-10,1.856,1,-3,6.578e7,2.231e-9,294300.0,56130.0
2.915e12,448500.0,282.7,393.0,-26.54,1.348e-10,1.938e-11,20.41,1,-3,8.507e6,1.476e-10,430.2,56.47
3.225e11,390800.0,288.5,192.9,-20.41,5.982e-10,1.662e-10,20.41,1,-3,2.394e6,7.146e-10,230.4,53.59
1.56e12,380300.0,289.7,411.9,24.31,2.641e-10,8.373e-11,16.7,1,-3,6.441e6,2.93e-10,457.1,130.6
8.507e11,409200.0,221.3,106.0,-87.16,1.246e-10,1.065e-13,87.16,2,-3,2.618e6,1.898e-10,161.5,0.09056
1.408e14,1.656e6,269.3,118600.0,28.1,8.422e-10,3.973e-10,1.856,2,-3,6.96e7,2.393e-9,336900.0,55930.0
8.507e11,409200.0,222.0,109.2,-87.16,1.284e-10,1.152e-13,87.16,3,-3,2.618e6,1.935e-10,164.6,0.09802
8.507e11,409200.0,227.1,120.2,87.16,1.413e-10,1.803e-13,87.16,3,-3,2.618e6,1.904e-10,162.0,0.1534
1.387e14,1.691e6,289.0,121900.0,2.367,8.789e-10,1.004e-9,1.856,3,-3,7.193e7,2.719e-9,377200.0,139300.0
1.521e11,368700.0,282.9,118.7,-27.83,7.803e-10,1.377e-10,27.83,3,-3,1.569e6,9.558e-10,145.4,20.94
9.57e13,1.613e6,253.8,64580.0,-45.15,6.749e-10,8.263e-10,1.856,4,-3,5.406e7,2.748e-9,263000.0,79070.0
8.507e11,409200.0,226.8,120.2,87.16,1.413e-10,1.762e-13,87.16,4,-3,2.618e6,1.917e-10,163.0,0.1499
7.38e11,357700.0,281.5,761.6,-30.72,1.032e-9,1.659e-10,27.83,4,-3,4.65e6,1.379e-9,1017.0,122.5
3.854e13,1.018e6,289.5,64680.0,6.702,1.678e-9,2.155e-9,1.856,4,-3,3.559e7,6.189e-9,238500.0,83050.0
1.395e14,1.582e6,264.4,106900.0,26.86,7.661e-10,3.214e-10,1.856,5,-3,7.678e7,1.98e-9,276100.0,44830.0
8.507e11,409200.0,220.0,100.3,-87.16,1.179e-10,9.182e-14,87.16,6,-3,2.618e6,1.842e-10,156.7,0.07811
1.338e14,1.339e6,257.5,130500.0,33.98,9.751e-10,3.632e-10,1.856,6,-3,9.849e7,3.117e-9,417200.0,48610.0
4.337e11,350400.0,272.4,752.2,-32.75,1.734e-9,1.548e-10,31.54,6,-3,3.068e6,3.029e-9,1314.0,67.14
3.439e11,412700.0,292.0,1887.0,-1.856,5.486e-9,3.238e-8,1.856,6,-3,2.5e6,9.905e-8,34060.0,11140.0
1.72e11,412700.0,292.6,925.1,-1.856,5.38e-9,2.524e-8,1.856,6,-3,1.667e6,7.282e-8,12520.0,4339.0
1.72e11,412700.0,291.9,931.7,1.856,5.418e-9,2.645e-8,1.856,6,-3,1.667e6,8.164e-8,14040.0,4547.0
1.446e14,1.93e6,260.2,109200.0,-35.59,7.55e-10,4.593e-10,1.856,7,-3,7.04e7,1.777e-9,257000.0,66430.0
8.507e11,409200.0,226.4,108.6,87.16,1.276e-10,1.507e-13,87.16,7,-3,2.618e6,1.701e-10,144.7,0.1282
8.507e11,409200.0,218.3,85.13,-87.16,1.001e-10,6.61e-14,87.16,8,-3,2.618e6,1.551e-10,131.9,0.05622
1.445e14,1.732e6,271.2,125900.0,27.76,8.71e-10,5.147e-10,1.856,8,-3,6.943e7,1.912e-9,276300.0,74390.0
1.418e14,1.278e6,275.3,133100.0,-17.23,9.385e-10,1.02e-9,1.856,9,-3,8.098e7,3.028e-9,429400.0,144600.0
8.507e11,409200.0,225.9,111.2,87.16,1.307e-10,1.506e-13,87.16,9,-3,2.618e6,1.77e-10,150.5,0.1281
1.372e14,1.132e6,265.2,124000.0,-25.8,9.033e-10,7.902e-10,1.856,10,-3,9.529e7,2.821e-9,387000.0,108400.0
1.889e12,373700.0,250.4,3715.0,54.22,1.967e-9,5.872e-11,46.39,10,-3,7.0e6,6.394e-9,12080.0,110.9
8.507e11,409200.0,226.2,114.6,87.16,1.347e-10,1.591e-13,87.16,10,-3,2.618e6,1.83e-10,155.6,0.1354
1.055e12,368300.0,258.8,2839.0,-39.81,2.691e-9,1.538e-10,35.26,10,-3,5.039e6,9.455e-9,9975.0,162.3
8.507e11,409200.0,219.0,77.72,-87.16,9.136e-11,6.065e-14,87.16,11,-3,2.618e6,1.329e-10,113.1,0.05159
1.234e14,1.466e6,278.6,61620.0,-15.55,4.992e-10,3.577e-10,1.856,11,-3,6.658e7,1.124e-9,138800.0,44150.0
1.701e13,653700.0,234.8,12950.0,65.48,7.61e-10,2.324e-11,46.39,11,-3,2.003e7,2.836e-9,48240.0,395.4
8.507e11,409200.0,221.0,103.3,-87.16,1.215e-10,1.009e-13,87.16,12,-3,2.618e6,1.851e-10,157.5,0.0858
1.387e14,1.385e6,272.1,115500.0,24.83,8.329e-10,4.758e-10,1.856,12,-3,8.78e7,2.388e-9,331200.0,66000.0
8.507e11,409200.0,218.8,88.37,-87.16,1.039e-10,7.169e-14,87.16,13,-3,2.618e6,1.605e-10,136.5,0.06098
1.426e14,1.527e6,277.8,152300.0,20.74,1.068e-9,9.431e-10,1.856,13,-3,7.143e7,3.129e-9,446200.0,134500.0
8.507e11,409200.0,219.9,91.56,-87.16,1.076e-10,8.019e-14,87.16,14,-3,2.618e6,1.619e-10,137.7,0.06822
1.398e14,1.466e6,279.3,167400.0,16.45,1.197e-9,1.117e-9,1.856,14,-3,8.204e7,3.903e-9,545700.0,156100.0
8.507e11,409200.0,224.0,114.9,87.16,1.351e-10,1.393e-13,87.16,14,-3,2.618e6,1.954e-10,166.2,0.1185
1.35e14,897100.0,278.0,161500.0,-17.83,1.196e-9,1.549e-9,1.856,15,-3,1.211e8,4.416e-9,596300.0,209200.0
8.507e11,409200.0,227.3,124.4,87.16,1.463e-10,1.904e-13,87.16,15,-3,2.618e6,1.985e-10,168.9,0.1619
1.407e14,1.156e6,264.7,90330.0,-5.478,6.42e-10,4.271e-10,1.856,16,-3,9.764e7,1.614e-9,227100.0,60090.0
8.507e11,409200.0,222.5,93.04,87.16,1.094e-10,9.553e-14,87.16,16,-3,2.618e6,1.529e-10,130.1,0.08126
8.507e11,409200.0,217.3,77.29,-87.16,9.086e-11,5.475e-14,87.16,17,-3,2.618e6,1.399e-10,119.0,0.04657
1.411e14,1.398e6,269.3,177100.0,31.52,1.255e-9,1.021e-9,1.856,17,-3,7.913e7,4.008e-9,565800.0,144100.0
8.507e11,409200.0,215.7,63.45,-87.16,7.459e-11,3.792e-14,87.16,18,-3,2.618e6,1.118e-10,95.11,0.03226
1.305e14,1.033e6,276.0,139000.0,24.59,1.065e-9,6.66e-10,1.856,18,-3,9.44e7,2.595e-9,338800.0,86930.0
2.62e12,481200.0,292.0,2081.0,17.3,7.944e-10,5.271e-10,9.278,18,-3,8.109e6,1.416e-9,3710.0,1381.0
3.378e12,464100.0,236.9,866.5,-52.89,2.565e-10,2.212e-12,46.39,18,-3,8.55e6,5.46e-10,1844.0,7.472
8.507e11,409200.0,216.5,74.06,-87.16,8.707e-11,4.93e-14,87.16,19,-3,2.618e6,1.358e-10,115.6,0.04194
1.42e14,2.466e6,255.0,180400.0,41.79,1.27e-9,5.274e-10,1.856,19,-3,6.457e7,4.303e-9,611100.0,74900.0
8.507e11,409200.0,223.3,117.8,-87.16,1.385e-10,1.381e-13,87.16,20,-3,2.618e6,2.056e-10,174.9,0.1175
1.423e14,1.454e6,272.7,81780.0,22.2,5.745e-10,1.889e-10,1.856,20,-3,7.572e7,1.37e-9,195000.0,26880.0
8.507e11,409200.0,213.7,39.56,-87.16,4.65e-11,1.781e-14,87.16,21,-3,2.618e6,6.291e-11,53.51,0.01515
1.845e12,407700.0,262.7,2186.0,-33.85,1.185e-9,4.001e-11,27.83,21,-3,6.214e6,2.754e-9,5082.0,73.84
1.272e14,1.845e6,265.1,165900.0,32.65,1.305e-9,1.074e-9,1.856,21,-3,5.77e7,4.737e-9,602300.0,136500.0
1.591e13,681800.0,225.3,1695.0,-61.96,1.065e-10,1.697e-13,46.39,21,-3,2.286e7,1.39e-10,2212.0,2.701
1.402e14,1.465e6,278.8,177300.0,-20.95,1.265e-9,1.515e-9,1.856,22,-3,7.241e7,4.004e-9,561400.0,212400.0
8.507e11,409200.0,226.6,112.7,87.16,1.325e-10,1.601e-13,87.16,22,-3,2.618e6,1.775e-10,151.0,0.1362
1.486e12,421500.0,294.8,147.4,-15.8,9.917e-11,5.021e-11,9.278,22,-3,6.521e6,1.07e-10,159.0,74.61
8.507e11,409200.0,217.8,82.3,-87.16,9.675e-11,6.144e-14,87.16,23,-3,2.618e6,1.507e-10,128.2,0.05227
1.369e14,1.183e6,272.9,201500.0,27.3,1.472e-9,9.776e-10,1.856,23,-3,1.093e8,4.406e-9,603000.0,133800.0
8.507e11,409200.0,223.1,107.4,87.16,1.263e-10,1.204e-13,87.16,23,-3,2.618e6,1.82e-10,154.8,0.1024
8.507e11,409200.0,219.5,91.41,-87.16,1.075e-10,7.824e-14,87.16,24,-3,2.618e6,1.639e-10,139.4,0.06655
1.414e14,1.46e6,267.7,153500.0,29.82,1.086e-9,9.59e-10,1.856,24,-3,9.349e7,3.674e-9,519400.0,135600.0
8.507e11,409200.0,219.4,93.15,-87.16,1.095e-10,8.005e-14,87.16,25,-3,2.618e6,1.689e-10,143.7,0.06809
1.394e14,1.282e6,260.5,134000.0,33.21,9.608e-10,2.635e-10,1.856,25,-3,8.02e7,2.876e-9,401100.0,36740.0
1.406e14,1.722e6,267.5,125600.0,-34.48,8.929e-10,9.594e-10,1.856,26,-3,6.628e7,2.815e-9,395900.0,134900.0
8.507e11,409200.0,226.7,110.3,87.16,1.297e-10,1.566e-13,87.16,26,-3,2.618e6,1.726e-10,146.8,0.1332
4.793e12,508100.0,293.2,23540.0,-2.491,4.911e-9,2.138e-8,1.856,26,-3,1.244e7,6.034e-8,289200.0,102500.0
8.507e11,409200.0,220.5,96.81,-87.16,1.138e-10,8.937e-14,87.16,27,-3,2.618e6,1.719e-10,146.2,0.07602
1.412e14,1.284e6,265.6,122900.0,19.58,8.703e-10,5.259e-10,1.856,27,-3,9.148e7,2.59e-9,365800.0,74280.0
1.433e14,1.368e6,262.1,86840.0,-26.23,6.06e-10,4.475e-10,1.856,28,-3,7.835e7,1.678e-9,240500.0,64130.0
8.507e11,409200.0,226.5,114.3,87.16,1.343e-10,1.621e-13,87.16,28,-3,2.618e6,1.809e-10,153.8,0.1379
1.46e14,1.765e6,276.6,85030.0,-10.62,5.823e-10,5.144e-10,1.856,29,-3,6.22e7,1.64e-9,239500.0,75110.0
8.507e11,409200.0,227.4,120.4,87.16,1.416e-10,1.845e-13,87.16,29,-3,2.618e6,1.894e-10,161.1,0.1569
8.507e11,409200.0,221.4,103.1,-87.16,1.213e-10,1.031e-13,87.16,30,-3,2.618e6,1.828e-10,155.5,0.08773
8.507e11,409200.0,226.3,118.1,87.16,1.389e-10,1.673e-13,87.16,30,-3,2.618e6,1.895e-10,161.2,0.1423
1.412e14,1.67e6,280.3,88760.0,-15.11,6.288e-10,6.052e-10,1.856,30,-3,8.415e7,1.784e-9,251800.0,85430.0
8.507e11,409200.0,215.9,51.21,-87.16,6.02e-11,2.873e-14,87.16,31,-3,2.618e6,8.329e-11,70.85,0.02444
1.245e14,1.241e6,272.8,117900.0,-14.8,9.47e-10,7.819e-10,1.856,31,-3,8.409e7,2.568e-9,319800.0,97380.0
8.507e11,409200.0,225.3,103.5,87.16,1.217e-10,1.316e-13,87.16,31,-3,2.618e6,1.641e-10,139.6,0.112
5.388e12,359500.0,238.8,3073.0,-55.42,5.703e-10,1.507e-11,38.97,31,-3,1.563e7,1.568e-9,8449.0,81.19
5.657e12,477700.0,288.0,8025.0,22.34,1.419e-9,1.39e-9,9.278,31,-3,1.574e7,3.94e-9,22290.0,7863.0
1.379e14,1.383e6,264.3,96770.0,-26.78,7.017e-10,4.363e-10,1.856,32,-3,8.637e7,1.79e-9,246800.0,60170.0
8.507e11,409200.0,225.9,109.6,87.16,1.288e-10,1.477e-13,87.16,32,-3,2.618e6,1.737e-10,147.8,0.1257
1.098e12,405400.0,289.4,94.34,24.06,8.594e-11,2.233e-11,20.41,32,-3,4.773e6,9.267e-11,101.7,24.52
2.407e12,448000.0,291.8,896.3,-20.52,3.724e-10,1.623e-10,12.99,32,-3,8.026e6,4.322e-10,1040.0,390.5
8.507e11,409200.0,221.1,100.5,-87.16,1.181e-10,9.768e-14,87.16,33,-3,2.618e6,1.77e-10,150.5,0.08309
1.361e14,1.751e6,264.7,147900.0,27.48,1.087e-9,9.116e-10,1.856,33,-3,9.197e7,3.769e-9,512900.0,124100.0
2.53e11,306500.0,253.6,139.9,-42.68,5.53e-10,7.217e-12,42.68,33,-3,2.051e6,6.972e-10,176.4,1.826
3.331e12,486000.0,289.4,1074.0,21.74,3.224e-10,9.144e-11,12.99,33,-3,8.818e6,3.694e-10,1231.0,304.6
8.507e11,409200.0,221.3,100.5,-87.16,1.182e-10,9.882e-14,87.16,34,-3,2.618e6,1.759e-10,149.6,0.08406
1.411e14,1.751e6,280.4,113000.0,19.36,8.01e-10,5.687e-10,1.856,34,-3,6.177e7,2.237e-9,315700.0,80250.0
8.507e11,409200.0,225.1,113.6,87.16,1.335e-10,1.463e-13,87.16,34,-3,2.618e6,1.858e-10,158.0,0.1245
1.862e12,427100.0,294.8,3582.0,-9.58,1.923e-9,3.365e-9,1.856,34,-3,7.414e6,8.522e-9,15870.0,6266.0
8.619e11,346600.0,254.6,1076.0,-44.21,1.249e-9,4.074e-11,42.68,34,-3,4.042e6,3.403e-9,2933.0,35.11
8.507e11,409200.0,218.3,82.53,-87.16,9.702e-11,6.333e-14,87.16,35,-3,2.618e6,1.483e-10,126.1,0.05387
1.44e14,2.354e6,258.4,152000.0,36.88,1.055e-9,6.418e-10,1.856,35,-3,6.479e7,3.642e-9,524500.0,92430.0
8.278e10,200700.0,232.4,6.827,-61.23,8.247e-11,1.443e-13,61.23,35,-3,1.227e6,9.504e-11,7.868,0.01195
8.507e11,409200.0,217.6,73.34,-87.16,8.622e-11,5.148e-14,87.16,36,-3,2.618e6,1.284e-10,109.2,0.04379
1.401e14,1.557e6,259.5,138500.0,29.47,9.888e-10,3.246e-10,1.856,36,-3,8.581e7,2.784e-9,389900.0,45460.0
1.612e11,390800.0,290.4,188.0,20.41,1.166e-9,4.348e-10,20.41,36,-3,1.614e6,1.541e-9,248.4,70.11
1.269e14,1.295e6,257.1,91190.0,-42.58,7.189e-10,3.436e-10,1.856,37,-3,7.614e7,1.684e-9,213700.0,43590.0
8.507e11,409200.0,226.7,119.9,87.16,1.41e-10,1.747e-13,87.16,37,-3,2.618e6,1.916e-10,163.0,0.1486
2.56e12,424300.0,283.3,722.7,28.23,2.823e-10,3.073e-11,20.41,37,-3,8.624e6,4.27e-10,1093.0,78.69
1.04e13,499900.0,283.3,20210.0,23.19,1.944e-9,2.894e-9,1.856,37,-3,2.415e7,1.044e-8,108500.0,30080.0
8.507e11,409200.0,219.1,77.29,-87.16,9.086e-11,6.064e-14,87.16,38,-3,2.618e6,1.313e-10,111.7,0.05158
1.407e14,1.14e6,280.7,161100.0,-8.896,1.145e-9,1.096e-9,1.856,38,-3,1.02e8,3.097e-9,435900.0,154300.0
8.507e11,409200.0,227.0,117.9,87.16,1.386e-10,1.739e-13,87.16,38,-3,2.618e6,1.865e-10,158.6,0.148
1.187e11,287600.0,256.4,267.2,46.39,2.252e-9,7.796e-11,46.39,38,-3,1.404e6,5.886e-9,698.4,9.251
8.507e11,409200.0,218.8,71.87,-87.16,8.449e-11,5.398e-14,87.16,39,-3,2.618e6,1.2e-10,102.1,0.04592
8.507e11,409200.0,223.7,102.5,87.16,1.204e-10,1.171e-13,87.16,39,-3,2.618e6,1.681e-10,143.0,0.09957
6.542e11,334800.0,264.0,1594.0,-40.4,2.437e-9,1.477e-10,38.97,39,-3,3.564e6,5.865e-9,3837.0,96.64
1.368e14,1.09e6,265.7,86340.0,-7.873,6.311e-10,3.973e-10,1.856,39,-3,1.0e8,1.707e-9,233500.0,54360.0
8.507e11,409200.0,214.6,54.22,-87.16,6.374e-11,2.855e-14,87.16,40,-3,2.618e6,9.349e-11,79.53,0.02429
1.305e14,2.041e6,259.6,156800.0,39.0,1.202e-9,8.429e-10,1.856,40,-3,5.685e7,4.081e-9,532400.0,110000.0
5.975e11,362000.0,268.8,545.8,-29.65,9.135e-10,4.288e-11,27.83,40,-3,3.109e6,1.349e-9,806.2,25.62
1.086e13,705100.0,251.7,10120.0,-39.11,9.322e-10,3.834e-11,24.12,40,-3,1.577e7,2.253e-9,24460.0,416.3
